train: n=512 dim=52 alpha_eff=3.91e-04 lam=0.7 eps 0.15->0.02
start eval: 97.5% vs random
  [A-vs-random] game 25/40000 (total 25)
  [A-vs-random] game 50/40000 (total 50)
  [A-vs-random] game 75/40000 (total 75)
  [A-vs-random] game 100/40000 (total 100)
  [A-vs-random] game 125/40000 (total 125)
  [A-vs-random] game 150/40000 (total 150)
  [A-vs-random] game 175/40000 (total 175)
  [A-vs-random] game 200/40000 (total 200)
  [A-vs-random] game 225/40000 (total 225)
  [A-vs-random] game 250/40000 (total 250)
  [A-vs-random] game 275/40000 (total 275)
  [A-vs-random] game 300/40000 (total 300)
  [A-vs-random] game 325/40000 (total 325)
  [A-vs-random] game 350/40000 (total 350)
  [A-vs-random] game 375/40000 (total 375)
  [A-vs-random] game 400/40000 (total 400)
  [A-vs-random] game 425/40000 (total 425)
  [A-vs-random] game 450/40000 (total 450)
  [A-vs-random] game 475/40000 (total 475)
  [A-vs-random] game 500/40000 (total 500)
  [A-vs-random] game 525/40000 (total 525)
  [A-vs-random] game 550/40000 (total 550)
  [A-vs-random] game 575/40000 (total 575)
  [A-vs-random] game 600/40000 (total 600)
  [A-vs-random] game 625/40000 (total 625)
  [A-vs-random] game 650/40000 (total 650)
  [A-vs-random] game 675/40000 (total 675)
  [A-vs-random] game 700/40000 (total 700)
  [A-vs-random] game 725/40000 (total 725)
  [A-vs-random] game 750/40000 (total 750)
  [A-vs-random] game 775/40000 (total 775)
  [A-vs-random] game 800/40000 (total 800)
  [A-vs-random] game 825/40000 (total 825)
  [A-vs-random] game 850/40000 (total 850)
  [A-vs-random] game 875/40000 (total 875)
  [A-vs-random] game 900/40000 (total 900)
  [A-vs-random] game 925/40000 (total 925)
  [A-vs-random] game 950/40000 (total 950)
  [A-vs-random] game 975/40000 (total 975)
  [A-vs-random] game 1000/40000 (total 1000)
  [A-vs-random] game 1025/40000 (total 1025)
  [A-vs-random] game 1050/40000 (total 1050)
  [A-vs-random] game 1075/40000 (total 1075)
  [A-vs-random] game 1100/40000 (total 1100)
  [A-vs-random] game 1125/40000 (total 1125)
  [A-vs-random] game 1150/40000 (total 1150)
  [A-vs-random] game 1175/40000 (total 1175)
  [A-vs-random] game 1200/40000 (total 1200)
  [A-vs-random] game 1225/40000 (total 1225)
  [A-vs-random] game 1250/40000 (total 1250)
  [A-vs-random] game 1275/40000 (total 1275)
  [A-vs-random] game 1300/40000 (total 1300)
  [A-vs-random] game 1325/40000 (total 1325)
  [A-vs-random] game 1350/40000 (total 1350)
  [A-vs-random] game 1375/40000 (total 1375)
  [A-vs-random] game 1400/40000 (total 1400)
  [A-vs-random] game 1425/40000 (total 1425)
  [A-vs-random] game 1450/40000 (total 1450)
  [A-vs-random] game 1475/40000 (total 1475)
  [A-vs-random] game 1500/40000 (total 1500)
  [A-vs-random] game 1525/40000 (total 1525)
  [A-vs-random] game 1550/40000 (total 1550)
  [A-vs-random] game 1575/40000 (total 1575)
  [A-vs-random] game 1600/40000 (total 1600)
  [A-vs-random] game 1625/40000 (total 1625)
  [A-vs-random] game 1650/40000 (total 1650)
  [A-vs-random] game 1675/40000 (total 1675)
  [A-vs-random] game 1700/40000 (total 1700)
  [A-vs-random] game 1725/40000 (total 1725)
  [A-vs-random] game 1750/40000 (total 1750)
  [A-vs-random] game 1775/40000 (total 1775)
  [A-vs-random] game 1800/40000 (total 1800)
  [A-vs-random] game 1825/40000 (total 1825)
  [A-vs-random] game 1850/40000 (total 1850)
  [A-vs-random] game 1875/40000 (total 1875)
  [A-vs-random] game 1900/40000 (total 1900)
  [A-vs-random] game 1925/40000 (total 1925)
  [A-vs-random] game 1950/40000 (total 1950)
  [A-vs-random] game 1975/40000 (total 1975)
  [A-vs-random] game 2000/40000 (total 2000)
  eval@2000: 95.0% vs random
  [A-vs-random] game 2025/40000 (total 2025)
  [A-vs-random] game 2050/40000 (total 2050)
  [A-vs-random] game 2075/40000 (total 2075)
  [A-vs-random] game 2100/40000 (total 2100)
  [A-vs-random] game 2125/40000 (total 2125)
  [A-vs-random] game 2150/40000 (total 2150)
  [A-vs-random] game 2175/40000 (total 2175)
  [A-vs-random] game 2200/40000 (total 2200)
  [A-vs-random] game 2225/40000 (total 2225)
  [A-vs-random] game 2250/40000 (total 2250)
  [A-vs-random] game 2275/40000 (total 2275)
  [A-vs-random] game 2300/40000 (total 2300)
  [A-vs-random] game 2325/40000 (total 2325)
  [A-vs-random] game 2350/40000 (total 2350)
  [A-vs-random] game 2375/40000 (total 2375)
  [A-vs-random] game 2400/40000 (total 2400)
  [A-vs-random] game 2425/40000 (total 2425)
  [A-vs-random] game 2450/40000 (total 2450)
  [A-vs-random] game 2475/40000 (total 2475)
  [A-vs-random] game 2500/40000 (total 2500)
  [A-vs-random] game 2525/40000 (total 2525)
  [A-vs-random] game 2550/40000 (total 2550)
  [A-vs-random] game 2575/40000 (total 2575)
  [A-vs-random] game 2600/40000 (total 2600)
  [A-vs-random] game 2625/40000 (total 2625)
  [A-vs-random] game 2650/40000 (total 2650)
  [A-vs-random] game 2675/40000 (total 2675)
  [A-vs-random] game 2700/40000 (total 2700)
  [A-vs-random] game 2725/40000 (total 2725)
  [A-vs-random] game 2750/40000 (total 2750)
  [A-vs-random] game 2775/40000 (total 2775)
  [A-vs-random] game 2800/40000 (total 2800)
  [A-vs-random] game 2825/40000 (total 2825)
  [A-vs-random] game 2850/40000 (total 2850)
  [A-vs-random] game 2875/40000 (total 2875)
  [A-vs-random] game 2900/40000 (total 2900)
  [A-vs-random] game 2925/40000 (total 2925)
  [A-vs-random] game 2950/40000 (total 2950)
  [A-vs-random] game 2975/40000 (total 2975)
  [A-vs-random] game 3000/40000 (total 3000)
  [A-vs-random] game 3025/40000 (total 3025)
  [A-vs-random] game 3050/40000 (total 3050)
  [A-vs-random] game 3075/40000 (total 3075)
  [A-vs-random] game 3100/40000 (total 3100)
  [A-vs-random] game 3125/40000 (total 3125)
  [A-vs-random] game 3150/40000 (total 3150)
  [A-vs-random] game 3175/40000 (total 3175)
  [A-vs-random] game 3200/40000 (total 3200)
  [A-vs-random] game 3225/40000 (total 3225)
  [A-vs-random] game 3250/40000 (total 3250)
  [A-vs-random] game 3275/40000 (total 3275)
  [A-vs-random] game 3300/40000 (total 3300)
  [A-vs-random] game 3325/40000 (total 3325)
  [A-vs-random] game 3350/40000 (total 3350)
  [A-vs-random] game 3375/40000 (total 3375)
  [A-vs-random] game 3400/40000 (total 3400)
  [A-vs-random] game 3425/40000 (total 3425)
  [A-vs-random] game 3450/40000 (total 3450)
  [A-vs-random] game 3475/40000 (total 3475)
  [A-vs-random] game 3500/40000 (total 3500)
  [A-vs-random] game 3525/40000 (total 3525)
  [A-vs-random] game 3550/40000 (total 3550)
  [A-vs-random] game 3575/40000 (total 3575)
  [A-vs-random] game 3600/40000 (total 3600)
  [A-vs-random] game 3625/40000 (total 3625)
  [A-vs-random] game 3650/40000 (total 3650)
  [A-vs-random] game 3675/40000 (total 3675)
  [A-vs-random] game 3700/40000 (total 3700)
  [A-vs-random] game 3725/40000 (total 3725)
  [A-vs-random] game 3750/40000 (total 3750)
  [A-vs-random] game 3775/40000 (total 3775)
  [A-vs-random] game 3800/40000 (total 3800)
  [A-vs-random] game 3825/40000 (total 3825)
  [A-vs-random] game 3850/40000 (total 3850)
  [A-vs-random] game 3875/40000 (total 3875)
  [A-vs-random] game 3900/40000 (total 3900)
  [A-vs-random] game 3925/40000 (total 3925)
  [A-vs-random] game 3950/40000 (total 3950)
  [A-vs-random] game 3975/40000 (total 3975)
  [A-vs-random] game 4000/40000 (total 4000)
  eval@4000: 95.0% vs random
  [A-vs-random] game 4025/40000 (total 4025)
  [A-vs-random] game 4050/40000 (total 4050)
  [A-vs-random] game 4075/40000 (total 4075)
  [A-vs-random] game 4100/40000 (total 4100)
  [A-vs-random] game 4125/40000 (total 4125)
  [A-vs-random] game 4150/40000 (total 4150)
  [A-vs-random] game 4175/40000 (total 4175)
  [A-vs-random] game 4200/40000 (total 4200)
  [A-vs-random] game 4225/40000 (total 4225)
  [A-vs-random] game 4250/40000 (total 4250)
  [A-vs-random] game 4275/40000 (total 4275)
  [A-vs-random] game 4300/40000 (total 4300)
  [A-vs-random] game 4325/40000 (total 4325)
  [A-vs-random] game 4350/40000 (total 4350)
  [A-vs-random] game 4375/40000 (total 4375)
  [A-vs-random] game 4400/40000 (total 4400)
  [A-vs-random] game 4425/40000 (total 4425)
  [A-vs-random] game 4450/40000 (total 4450)
  [A-vs-random] game 4475/40000 (total 4475)
  [A-vs-random] game 4500/40000 (total 4500)
  [A-vs-random] game 4525/40000 (total 4525)
  [A-vs-random] game 4550/40000 (total 4550)
  [A-vs-random] game 4575/40000 (total 4575)
  [A-vs-random] game 4600/40000 (total 4600)
  [A-vs-random] game 4625/40000 (total 4625)
  [A-vs-random] game 4650/40000 (total 4650)
  [A-vs-random] game 4675/40000 (total 4675)
  [A-vs-random] game 4700/40000 (total 4700)
  [A-vs-random] game 4725/40000 (total 4725)
  [A-vs-random] game 4750/40000 (total 4750)
  [A-vs-random] game 4775/40000 (total 4775)
  [A-vs-random] game 4800/40000 (total 4800)
  [A-vs-random] game 4825/40000 (total 4825)
  [A-vs-random] game 4850/40000 (total 4850)
  [A-vs-random] game 4875/40000 (total 4875)
  [A-vs-random] game 4900/40000 (total 4900)
  [A-vs-random] game 4925/40000 (total 4925)
  [A-vs-random] game 4950/40000 (total 4950)
  [A-vs-random] game 4975/40000 (total 4975)
  [A-vs-random] game 5000/40000 (total 5000)
  [A-vs-random] game 5025/40000 (total 5025)
  [A-vs-random] game 5050/40000 (total 5050)
  [A-vs-random] game 5075/40000 (total 5075)
  [A-vs-random] game 5100/40000 (total 5100)
  [A-vs-random] game 5125/40000 (total 5125)
  [A-vs-random] game 5150/40000 (total 5150)
  [A-vs-random] game 5175/40000 (total 5175)
  [A-vs-random] game 5200/40000 (total 5200)
  [A-vs-random] game 5225/40000 (total 5225)
  [A-vs-random] game 5250/40000 (total 5250)
  [A-vs-random] game 5275/40000 (total 5275)
  [A-vs-random] game 5300/40000 (total 5300)
  [A-vs-random] game 5325/40000 (total 5325)
  [A-vs-random] game 5350/40000 (total 5350)
  [A-vs-random] game 5375/40000 (total 5375)
  [A-vs-random] game 5400/40000 (total 5400)
  [A-vs-random] game 5425/40000 (total 5425)
  [A-vs-random] game 5450/40000 (total 5450)
  [A-vs-random] game 5475/40000 (total 5475)
  [A-vs-random] game 5500/40000 (total 5500)
  [A-vs-random] game 5525/40000 (total 5525)
  [A-vs-random] game 5550/40000 (total 5550)
  [A-vs-random] game 5575/40000 (total 5575)
  [A-vs-random] game 5600/40000 (total 5600)
  [A-vs-random] game 5625/40000 (total 5625)
  [A-vs-random] game 5650/40000 (total 5650)
  [A-vs-random] game 5675/40000 (total 5675)
  [A-vs-random] game 5700/40000 (total 5700)
  [A-vs-random] game 5725/40000 (total 5725)
  [A-vs-random] game 5750/40000 (total 5750)
  [A-vs-random] game 5775/40000 (total 5775)
  [A-vs-random] game 5800/40000 (total 5800)
  [A-vs-random] game 5825/40000 (total 5825)
  [A-vs-random] game 5850/40000 (total 5850)
  [A-vs-random] game 5875/40000 (total 5875)
  [A-vs-random] game 5900/40000 (total 5900)
  [A-vs-random] game 5925/40000 (total 5925)
  [A-vs-random] game 5950/40000 (total 5950)
  [A-vs-random] game 5975/40000 (total 5975)
  [A-vs-random] game 6000/40000 (total 6000)
  eval@6000: 92.5% vs random
  [A-vs-random] game 6025/40000 (total 6025)
  [A-vs-random] game 6050/40000 (total 6050)
  [A-vs-random] game 6075/40000 (total 6075)
  [A-vs-random] game 6100/40000 (total 6100)
  [A-vs-random] game 6125/40000 (total 6125)
  [A-vs-random] game 6150/40000 (total 6150)
  [A-vs-random] game 6175/40000 (total 6175)
  [A-vs-random] game 6200/40000 (total 6200)
  [A-vs-random] game 6225/40000 (total 6225)
  [A-vs-random] game 6250/40000 (total 6250)
  [A-vs-random] game 6275/40000 (total 6275)
  [A-vs-random] game 6300/40000 (total 6300)
  [A-vs-random] game 6325/40000 (total 6325)
  [A-vs-random] game 6350/40000 (total 6350)
  [A-vs-random] game 6375/40000 (total 6375)
  [A-vs-random] game 6400/40000 (total 6400)
  [A-vs-random] game 6425/40000 (total 6425)
  [A-vs-random] game 6450/40000 (total 6450)
  [A-vs-random] game 6475/40000 (total 6475)
  [A-vs-random] game 6500/40000 (total 6500)
  [A-vs-random] game 6525/40000 (total 6525)
  [A-vs-random] game 6550/40000 (total 6550)
  [A-vs-random] game 6575/40000 (total 6575)
  [A-vs-random] game 6600/40000 (total 6600)
  [A-vs-random] game 6625/40000 (total 6625)
  [A-vs-random] game 6650/40000 (total 6650)
  [A-vs-random] game 6675/40000 (total 6675)
  [A-vs-random] game 6700/40000 (total 6700)
  [A-vs-random] game 6725/40000 (total 6725)
  [A-vs-random] game 6750/40000 (total 6750)
  [A-vs-random] game 6775/40000 (total 6775)
  [A-vs-random] game 6800/40000 (total 6800)
  [A-vs-random] game 6825/40000 (total 6825)
  [A-vs-random] game 6850/40000 (total 6850)
  [A-vs-random] game 6875/40000 (total 6875)
  [A-vs-random] game 6900/40000 (total 6900)
  [A-vs-random] game 6925/40000 (total 6925)
  [A-vs-random] game 6950/40000 (total 6950)
  [A-vs-random] game 6975/40000 (total 6975)
  [A-vs-random] game 7000/40000 (total 7000)
  [A-vs-random] game 7025/40000 (total 7025)
  [A-vs-random] game 7050/40000 (total 7050)
  [A-vs-random] game 7075/40000 (total 7075)
  [A-vs-random] game 7100/40000 (total 7100)
  [A-vs-random] game 7125/40000 (total 7125)
  [A-vs-random] game 7150/40000 (total 7150)
  [A-vs-random] game 7175/40000 (total 7175)
  [A-vs-random] game 7200/40000 (total 7200)
  [A-vs-random] game 7225/40000 (total 7225)
  [A-vs-random] game 7250/40000 (total 7250)
  [A-vs-random] game 7275/40000 (total 7275)
  [A-vs-random] game 7300/40000 (total 7300)
  [A-vs-random] game 7325/40000 (total 7325)
  [A-vs-random] game 7350/40000 (total 7350)
  [A-vs-random] game 7375/40000 (total 7375)
  [A-vs-random] game 7400/40000 (total 7400)
  [A-vs-random] game 7425/40000 (total 7425)
  [A-vs-random] game 7450/40000 (total 7450)
  [A-vs-random] game 7475/40000 (total 7475)
  [A-vs-random] game 7500/40000 (total 7500)
  [A-vs-random] game 7525/40000 (total 7525)
  [A-vs-random] game 7550/40000 (total 7550)
  [A-vs-random] game 7575/40000 (total 7575)
  [A-vs-random] game 7600/40000 (total 7600)
  [A-vs-random] game 7625/40000 (total 7625)
  [A-vs-random] game 7650/40000 (total 7650)
  [A-vs-random] game 7675/40000 (total 7675)
  [A-vs-random] game 7700/40000 (total 7700)
  [A-vs-random] game 7725/40000 (total 7725)
  [A-vs-random] game 7750/40000 (total 7750)
  [A-vs-random] game 7775/40000 (total 7775)
  [A-vs-random] game 7800/40000 (total 7800)
  [A-vs-random] game 7825/40000 (total 7825)
  [A-vs-random] game 7850/40000 (total 7850)
  [A-vs-random] game 7875/40000 (total 7875)
  [A-vs-random] game 7900/40000 (total 7900)
  [A-vs-random] game 7925/40000 (total 7925)
  [A-vs-random] game 7950/40000 (total 7950)
  [A-vs-random] game 7975/40000 (total 7975)
  [A-vs-random] game 8000/40000 (total 8000)
  eval@8000: 92.5% vs random
  [A-vs-random] game 8025/40000 (total 8025)
  [A-vs-random] game 8050/40000 (total 8050)
  [A-vs-random] game 8075/40000 (total 8075)
  [A-vs-random] game 8100/40000 (total 8100)
  [A-vs-random] game 8125/40000 (total 8125)
  [A-vs-random] game 8150/40000 (total 8150)
  [A-vs-random] game 8175/40000 (total 8175)
  [A-vs-random] game 8200/40000 (total 8200)
  [A-vs-random] game 8225/40000 (total 8225)
  [A-vs-random] game 8250/40000 (total 8250)
  [A-vs-random] game 8275/40000 (total 8275)
  [A-vs-random] game 8300/40000 (total 8300)
  [A-vs-random] game 8325/40000 (total 8325)
  [A-vs-random] game 8350/40000 (total 8350)
  [A-vs-random] game 8375/40000 (total 8375)
  [A-vs-random] game 8400/40000 (total 8400)
  [A-vs-random] game 8425/40000 (total 8425)
  [A-vs-random] game 8450/40000 (total 8450)
  [A-vs-random] game 8475/40000 (total 8475)
  [A-vs-random] game 8500/40000 (total 8500)
  [A-vs-random] game 8525/40000 (total 8525)
  [A-vs-random] game 8550/40000 (total 8550)
  [A-vs-random] game 8575/40000 (total 8575)
  [A-vs-random] game 8600/40000 (total 8600)
  [A-vs-random] game 8625/40000 (total 8625)
  [A-vs-random] game 8650/40000 (total 8650)
  [A-vs-random] game 8675/40000 (total 8675)
  [A-vs-random] game 8700/40000 (total 8700)
  [A-vs-random] game 8725/40000 (total 8725)
  [A-vs-random] game 8750/40000 (total 8750)
  [A-vs-random] game 8775/40000 (total 8775)
  [A-vs-random] game 8800/40000 (total 8800)
  [A-vs-random] game 8825/40000 (total 8825)
  [A-vs-random] game 8850/40000 (total 8850)
  [A-vs-random] game 8875/40000 (total 8875)
  [A-vs-random] game 8900/40000 (total 8900)
  [A-vs-random] game 8925/40000 (total 8925)
  [A-vs-random] game 8950/40000 (total 8950)
  [A-vs-random] game 8975/40000 (total 8975)
  [A-vs-random] game 9000/40000 (total 9000)
  [A-vs-random] game 9025/40000 (total 9025)
  [A-vs-random] game 9050/40000 (total 9050)
  [A-vs-random] game 9075/40000 (total 9075)
  [A-vs-random] game 9100/40000 (total 9100)
  [A-vs-random] game 9125/40000 (total 9125)
  [A-vs-random] game 9150/40000 (total 9150)
  [A-vs-random] game 9175/40000 (total 9175)
  [A-vs-random] game 9200/40000 (total 9200)
  [A-vs-random] game 9225/40000 (total 9225)
  [A-vs-random] game 9250/40000 (total 9250)
  [A-vs-random] game 9275/40000 (total 9275)
  [A-vs-random] game 9300/40000 (total 9300)
  [A-vs-random] game 9325/40000 (total 9325)
  [A-vs-random] game 9350/40000 (total 9350)
  [A-vs-random] game 9375/40000 (total 9375)
  [A-vs-random] game 9400/40000 (total 9400)
  [A-vs-random] game 9425/40000 (total 9425)
  [A-vs-random] game 9450/40000 (total 9450)
  [A-vs-random] game 9475/40000 (total 9475)
  [A-vs-random] game 9500/40000 (total 9500)
  [A-vs-random] game 9525/40000 (total 9525)
  [A-vs-random] game 9550/40000 (total 9550)
  [A-vs-random] game 9575/40000 (total 9575)
  [A-vs-random] game 9600/40000 (total 9600)
  [A-vs-random] game 9625/40000 (total 9625)
  [A-vs-random] game 9650/40000 (total 9650)
  [A-vs-random] game 9675/40000 (total 9675)
  [A-vs-random] game 9700/40000 (total 9700)
  [A-vs-random] game 9725/40000 (total 9725)
  [A-vs-random] game 9750/40000 (total 9750)
  [A-vs-random] game 9775/40000 (total 9775)
  [A-vs-random] game 9800/40000 (total 9800)
  [A-vs-random] game 9825/40000 (total 9825)
  [A-vs-random] game 9850/40000 (total 9850)
  [A-vs-random] game 9875/40000 (total 9875)
  [A-vs-random] game 9900/40000 (total 9900)
  [A-vs-random] game 9925/40000 (total 9925)
  [A-vs-random] game 9950/40000 (total 9950)
  [A-vs-random] game 9975/40000 (total 9975)
  [A-vs-random] game 10000/40000 (total 10000)
  eval@10000: 100.0% vs random
  new best -> best.npz
  [A-vs-random] game 10025/40000 (total 10025)
  [A-vs-random] game 10050/40000 (total 10050)
  [A-vs-random] game 10075/40000 (total 10075)
  [A-vs-random] game 10100/40000 (total 10100)
  [A-vs-random] game 10125/40000 (total 10125)
  [A-vs-random] game 10150/40000 (total 10150)
  [A-vs-random] game 10175/40000 (total 10175)
  [A-vs-random] game 10200/40000 (total 10200)
  [A-vs-random] game 10225/40000 (total 10225)
  [A-vs-random] game 10250/40000 (total 10250)
  [A-vs-random] game 10275/40000 (total 10275)
  [A-vs-random] game 10300/40000 (total 10300)
  [A-vs-random] game 10325/40000 (total 10325)
  [A-vs-random] game 10350/40000 (total 10350)
  [A-vs-random] game 10375/40000 (total 10375)
  [A-vs-random] game 10400/40000 (total 10400)
  [A-vs-random] game 10425/40000 (total 10425)
  [A-vs-random] game 10450/40000 (total 10450)
  [A-vs-random] game 10475/40000 (total 10475)
  [A-vs-random] game 10500/40000 (total 10500)
  [A-vs-random] game 10525/40000 (total 10525)
  [A-vs-random] game 10550/40000 (total 10550)
  [A-vs-random] game 10575/40000 (total 10575)
  [A-vs-random] game 10600/40000 (total 10600)
  [A-vs-random] game 10625/40000 (total 10625)
  [A-vs-random] game 10650/40000 (total 10650)
  [A-vs-random] game 10675/40000 (total 10675)
  [A-vs-random] game 10700/40000 (total 10700)
  [A-vs-random] game 10725/40000 (total 10725)
  [A-vs-random] game 10750/40000 (total 10750)
  [A-vs-random] game 10775/40000 (total 10775)
  [A-vs-random] game 10800/40000 (total 10800)
  [A-vs-random] game 10825/40000 (total 10825)
  [A-vs-random] game 10850/40000 (total 10850)
  [A-vs-random] game 10875/40000 (total 10875)
  [A-vs-random] game 10900/40000 (total 10900)
  [A-vs-random] game 10925/40000 (total 10925)
  [A-vs-random] game 10950/40000 (total 10950)
  [A-vs-random] game 10975/40000 (total 10975)
  [A-vs-random] game 11000/40000 (total 11000)
  [A-vs-random] game 11025/40000 (total 11025)
  [A-vs-random] game 11050/40000 (total 11050)
  [A-vs-random] game 11075/40000 (total 11075)
  [A-vs-random] game 11100/40000 (total 11100)
  [A-vs-random] game 11125/40000 (total 11125)
  [A-vs-random] game 11150/40000 (total 11150)
  [A-vs-random] game 11175/40000 (total 11175)
  [A-vs-random] game 11200/40000 (total 11200)
  [A-vs-random] game 11225/40000 (total 11225)
  [A-vs-random] game 11250/40000 (total 11250)
  [A-vs-random] game 11275/40000 (total 11275)
  [A-vs-random] game 11300/40000 (total 11300)
  [A-vs-random] game 11325/40000 (total 11325)
  [A-vs-random] game 11350/40000 (total 11350)
  [A-vs-random] game 11375/40000 (total 11375)
  [A-vs-random] game 11400/40000 (total 11400)
  [A-vs-random] game 11425/40000 (total 11425)
  [A-vs-random] game 11450/40000 (total 11450)
  [A-vs-random] game 11475/40000 (total 11475)
  [A-vs-random] game 11500/40000 (total 11500)
  [A-vs-random] game 11525/40000 (total 11525)
  [A-vs-random] game 11550/40000 (total 11550)
  [A-vs-random] game 11575/40000 (total 11575)
  [A-vs-random] game 11600/40000 (total 11600)
  [A-vs-random] game 11625/40000 (total 11625)
  [A-vs-random] game 11650/40000 (total 11650)
  [A-vs-random] game 11675/40000 (total 11675)
  [A-vs-random] game 11700/40000 (total 11700)
  [A-vs-random] game 11725/40000 (total 11725)
  [A-vs-random] game 11750/40000 (total 11750)
  [A-vs-random] game 11775/40000 (total 11775)
  [A-vs-random] game 11800/40000 (total 11800)
  [A-vs-random] game 11825/40000 (total 11825)
  [A-vs-random] game 11850/40000 (total 11850)
  [A-vs-random] game 11875/40000 (total 11875)
  [A-vs-random] game 11900/40000 (total 11900)
  [A-vs-random] game 11925/40000 (total 11925)
  [A-vs-random] game 11950/40000 (total 11950)
  [A-vs-random] game 11975/40000 (total 11975)
  [A-vs-random] game 12000/40000 (total 12000)
  eval@12000: 90.0% vs random
  [A-vs-random] game 12025/40000 (total 12025)
  [A-vs-random] game 12050/40000 (total 12050)
  [A-vs-random] game 12075/40000 (total 12075)
  [A-vs-random] game 12100/40000 (total 12100)
  [A-vs-random] game 12125/40000 (total 12125)
  [A-vs-random] game 12150/40000 (total 12150)
  [A-vs-random] game 12175/40000 (total 12175)
  [A-vs-random] game 12200/40000 (total 12200)
  [A-vs-random] game 12225/40000 (total 12225)
  [A-vs-random] game 12250/40000 (total 12250)
  [A-vs-random] game 12275/40000 (total 12275)
  [A-vs-random] game 12300/40000 (total 12300)
  [A-vs-random] game 12325/40000 (total 12325)
  [A-vs-random] game 12350/40000 (total 12350)
  [A-vs-random] game 12375/40000 (total 12375)
  [A-vs-random] game 12400/40000 (total 12400)
  [A-vs-random] game 12425/40000 (total 12425)
  [A-vs-random] game 12450/40000 (total 12450)
  [A-vs-random] game 12475/40000 (total 12475)
  [A-vs-random] game 12500/40000 (total 12500)
  [A-vs-random] game 12525/40000 (total 12525)
  [A-vs-random] game 12550/40000 (total 12550)
  [A-vs-random] game 12575/40000 (total 12575)
  [A-vs-random] game 12600/40000 (total 12600)
  [A-vs-random] game 12625/40000 (total 12625)
  [A-vs-random] game 12650/40000 (total 12650)
  [A-vs-random] game 12675/40000 (total 12675)
  [A-vs-random] game 12700/40000 (total 12700)
  [A-vs-random] game 12725/40000 (total 12725)
  [A-vs-random] game 12750/40000 (total 12750)
  [A-vs-random] game 12775/40000 (total 12775)
  [A-vs-random] game 12800/40000 (total 12800)
  [A-vs-random] game 12825/40000 (total 12825)
  [A-vs-random] game 12850/40000 (total 12850)
  [A-vs-random] game 12875/40000 (total 12875)
  [A-vs-random] game 12900/40000 (total 12900)
  [A-vs-random] game 12925/40000 (total 12925)
  [A-vs-random] game 12950/40000 (total 12950)
  [A-vs-random] game 12975/40000 (total 12975)
  [A-vs-random] game 13000/40000 (total 13000)
  [A-vs-random] game 13025/40000 (total 13025)
  [A-vs-random] game 13050/40000 (total 13050)
  [A-vs-random] game 13075/40000 (total 13075)
  [A-vs-random] game 13100/40000 (total 13100)
  [A-vs-random] game 13125/40000 (total 13125)
  [A-vs-random] game 13150/40000 (total 13150)
  [A-vs-random] game 13175/40000 (total 13175)
  [A-vs-random] game 13200/40000 (total 13200)
  [A-vs-random] game 13225/40000 (total 13225)
  [A-vs-random] game 13250/40000 (total 13250)
  [A-vs-random] game 13275/40000 (total 13275)
  [A-vs-random] game 13300/40000 (total 13300)
  [A-vs-random] game 13325/40000 (total 13325)
  [A-vs-random] game 13350/40000 (total 13350)
  [A-vs-random] game 13375/40000 (total 13375)
  [A-vs-random] game 13400/40000 (total 13400)
  [A-vs-random] game 13425/40000 (total 13425)
  [A-vs-random] game 13450/40000 (total 13450)
  [A-vs-random] game 13475/40000 (total 13475)
  [A-vs-random] game 13500/40000 (total 13500)
  [A-vs-random] game 13525/40000 (total 13525)
  [A-vs-random] game 13550/40000 (total 13550)
  [A-vs-random] game 13575/40000 (total 13575)
  [A-vs-random] game 13600/40000 (total 13600)
  [A-vs-random] game 13625/40000 (total 13625)
  [A-vs-random] game 13650/40000 (total 13650)
  [A-vs-random] game 13675/40000 (total 13675)
  [A-vs-random] game 13700/40000 (total 13700)
  [A-vs-random] game 13725/40000 (total 13725)
  [A-vs-random] game 13750/40000 (total 13750)
  [A-vs-random] game 13775/40000 (total 13775)
  [A-vs-random] game 13800/40000 (total 13800)
  [A-vs-random] game 13825/40000 (total 13825)
  [A-vs-random] game 13850/40000 (total 13850)
  [A-vs-random] game 13875/40000 (total 13875)
  [A-vs-random] game 13900/40000 (total 13900)
  [A-vs-random] game 13925/40000 (total 13925)
  [A-vs-random] game 13950/40000 (total 13950)
  [A-vs-random] game 13975/40000 (total 13975)
  [A-vs-random] game 14000/40000 (total 14000)
  eval@14000: 97.5% vs random
  [A-vs-random] game 14025/40000 (total 14025)
  [A-vs-random] game 14050/40000 (total 14050)
  [A-vs-random] game 14075/40000 (total 14075)
  [A-vs-random] game 14100/40000 (total 14100)
  [A-vs-random] game 14125/40000 (total 14125)
  [A-vs-random] game 14150/40000 (total 14150)
  [A-vs-random] game 14175/40000 (total 14175)
  [A-vs-random] game 14200/40000 (total 14200)
  [A-vs-random] game 14225/40000 (total 14225)
  [A-vs-random] game 14250/40000 (total 14250)
  [A-vs-random] game 14275/40000 (total 14275)
  [A-vs-random] game 14300/40000 (total 14300)
  [A-vs-random] game 14325/40000 (total 14325)
  [A-vs-random] game 14350/40000 (total 14350)
  [A-vs-random] game 14375/40000 (total 14375)
  [A-vs-random] game 14400/40000 (total 14400)
  [A-vs-random] game 14425/40000 (total 14425)
  [A-vs-random] game 14450/40000 (total 14450)
  [A-vs-random] game 14475/40000 (total 14475)
  [A-vs-random] game 14500/40000 (total 14500)
  [A-vs-random] game 14525/40000 (total 14525)
  [A-vs-random] game 14550/40000 (total 14550)
  [A-vs-random] game 14575/40000 (total 14575)
  [A-vs-random] game 14600/40000 (total 14600)
  [A-vs-random] game 14625/40000 (total 14625)
  [A-vs-random] game 14650/40000 (total 14650)
  [A-vs-random] game 14675/40000 (total 14675)
  [A-vs-random] game 14700/40000 (total 14700)
  [A-vs-random] game 14725/40000 (total 14725)
  [A-vs-random] game 14750/40000 (total 14750)
  [A-vs-random] game 14775/40000 (total 14775)
  [A-vs-random] game 14800/40000 (total 14800)
  [A-vs-random] game 14825/40000 (total 14825)
  [A-vs-random] game 14850/40000 (total 14850)
  [A-vs-random] game 14875/40000 (total 14875)
  [A-vs-random] game 14900/40000 (total 14900)
  [A-vs-random] game 14925/40000 (total 14925)
  [A-vs-random] game 14950/40000 (total 14950)
  [A-vs-random] game 14975/40000 (total 14975)
  [A-vs-random] game 15000/40000 (total 15000)
  [A-vs-random] game 15025/40000 (total 15025)
  [A-vs-random] game 15050/40000 (total 15050)
  [A-vs-random] game 15075/40000 (total 15075)
  [A-vs-random] game 15100/40000 (total 15100)
  [A-vs-random] game 15125/40000 (total 15125)
  [A-vs-random] game 15150/40000 (total 15150)
  [A-vs-random] game 15175/40000 (total 15175)
  [A-vs-random] game 15200/40000 (total 15200)
  [A-vs-random] game 15225/40000 (total 15225)
  [A-vs-random] game 15250/40000 (total 15250)
  [A-vs-random] game 15275/40000 (total 15275)
  [A-vs-random] game 15300/40000 (total 15300)
  [A-vs-random] game 15325/40000 (total 15325)
  [A-vs-random] game 15350/40000 (total 15350)
  [A-vs-random] game 15375/40000 (total 15375)
  [A-vs-random] game 15400/40000 (total 15400)
  [A-vs-random] game 15425/40000 (total 15425)
  [A-vs-random] game 15450/40000 (total 15450)
  [A-vs-random] game 15475/40000 (total 15475)
  [A-vs-random] game 15500/40000 (total 15500)
  [A-vs-random] game 15525/40000 (total 15525)
  [A-vs-random] game 15550/40000 (total 15550)
  [A-vs-random] game 15575/40000 (total 15575)
  [A-vs-random] game 15600/40000 (total 15600)
  [A-vs-random] game 15625/40000 (total 15625)
  [A-vs-random] game 15650/40000 (total 15650)
  [A-vs-random] game 15675/40000 (total 15675)
  [A-vs-random] game 15700/40000 (total 15700)
  [A-vs-random] game 15725/40000 (total 15725)
  [A-vs-random] game 15750/40000 (total 15750)
  [A-vs-random] game 15775/40000 (total 15775)
  [A-vs-random] game 15800/40000 (total 15800)
  [A-vs-random] game 15825/40000 (total 15825)
  [A-vs-random] game 15850/40000 (total 15850)
  [A-vs-random] game 15875/40000 (total 15875)
  [A-vs-random] game 15900/40000 (total 15900)
  [A-vs-random] game 15925/40000 (total 15925)
  [A-vs-random] game 15950/40000 (total 15950)
  [A-vs-random] game 15975/40000 (total 15975)
  [A-vs-random] game 16000/40000 (total 16000)
  eval@16000: 92.5% vs random
  [A-vs-random] game 16025/40000 (total 16025)
  [A-vs-random] game 16050/40000 (total 16050)
  [A-vs-random] game 16075/40000 (total 16075)
  [A-vs-random] game 16100/40000 (total 16100)
  [A-vs-random] game 16125/40000 (total 16125)
  [A-vs-random] game 16150/40000 (total 16150)
  [A-vs-random] game 16175/40000 (total 16175)
  [A-vs-random] game 16200/40000 (total 16200)
  [A-vs-random] game 16225/40000 (total 16225)
  [A-vs-random] game 16250/40000 (total 16250)
  [A-vs-random] game 16275/40000 (total 16275)
  [A-vs-random] game 16300/40000 (total 16300)
  [A-vs-random] game 16325/40000 (total 16325)
  [A-vs-random] game 16350/40000 (total 16350)
  [A-vs-random] game 16375/40000 (total 16375)
  [A-vs-random] game 16400/40000 (total 16400)
  [A-vs-random] game 16425/40000 (total 16425)
  [A-vs-random] game 16450/40000 (total 16450)
  [A-vs-random] game 16475/40000 (total 16475)
  [A-vs-random] game 16500/40000 (total 16500)
  [A-vs-random] game 16525/40000 (total 16525)
  [A-vs-random] game 16550/40000 (total 16550)
  [A-vs-random] game 16575/40000 (total 16575)
  [A-vs-random] game 16600/40000 (total 16600)
  [A-vs-random] game 16625/40000 (total 16625)
  [A-vs-random] game 16650/40000 (total 16650)
  [A-vs-random] game 16675/40000 (total 16675)
  [A-vs-random] game 16700/40000 (total 16700)
  [A-vs-random] game 16725/40000 (total 16725)
  [A-vs-random] game 16750/40000 (total 16750)
  [A-vs-random] game 16775/40000 (total 16775)
  [A-vs-random] game 16800/40000 (total 16800)
  [A-vs-random] game 16825/40000 (total 16825)
  [A-vs-random] game 16850/40000 (total 16850)
  [A-vs-random] game 16875/40000 (total 16875)
  [A-vs-random] game 16900/40000 (total 16900)
  [A-vs-random] game 16925/40000 (total 16925)
  [A-vs-random] game 16950/40000 (total 16950)
  [A-vs-random] game 16975/40000 (total 16975)
  [A-vs-random] game 17000/40000 (total 17000)
  [A-vs-random] game 17025/40000 (total 17025)
  [A-vs-random] game 17050/40000 (total 17050)
  [A-vs-random] game 17075/40000 (total 17075)
  [A-vs-random] game 17100/40000 (total 17100)
  [A-vs-random] game 17125/40000 (total 17125)
  [A-vs-random] game 17150/40000 (total 17150)
  [A-vs-random] game 17175/40000 (total 17175)
  [A-vs-random] game 17200/40000 (total 17200)
  [A-vs-random] game 17225/40000 (total 17225)
  [A-vs-random] game 17250/40000 (total 17250)
  [A-vs-random] game 17275/40000 (total 17275)
  [A-vs-random] game 17300/40000 (total 17300)
  [A-vs-random] game 17325/40000 (total 17325)
  [A-vs-random] game 17350/40000 (total 17350)
  [A-vs-random] game 17375/40000 (total 17375)
  [A-vs-random] game 17400/40000 (total 17400)
  [A-vs-random] game 17425/40000 (total 17425)
  [A-vs-random] game 17450/40000 (total 17450)
  [A-vs-random] game 17475/40000 (total 17475)
  [A-vs-random] game 17500/40000 (total 17500)
  [A-vs-random] game 17525/40000 (total 17525)
  [A-vs-random] game 17550/40000 (total 17550)
  [A-vs-random] game 17575/40000 (total 17575)
  [A-vs-random] game 17600/40000 (total 17600)
  [A-vs-random] game 17625/40000 (total 17625)
  [A-vs-random] game 17650/40000 (total 17650)
  [A-vs-random] game 17675/40000 (total 17675)
  [A-vs-random] game 17700/40000 (total 17700)
  [A-vs-random] game 17725/40000 (total 17725)
  [A-vs-random] game 17750/40000 (total 17750)
  [A-vs-random] game 17775/40000 (total 17775)
  [A-vs-random] game 17800/40000 (total 17800)
  [A-vs-random] game 17825/40000 (total 17825)
  [A-vs-random] game 17850/40000 (total 17850)
  [A-vs-random] game 17875/40000 (total 17875)
  [A-vs-random] game 17900/40000 (total 17900)
  [A-vs-random] game 17925/40000 (total 17925)
  [A-vs-random] game 17950/40000 (total 17950)
  [A-vs-random] game 17975/40000 (total 17975)
  [A-vs-random] game 18000/40000 (total 18000)
  eval@18000: 97.5% vs random
  [A-vs-random] game 18025/40000 (total 18025)
  [A-vs-random] game 18050/40000 (total 18050)
  [A-vs-random] game 18075/40000 (total 18075)
  [A-vs-random] game 18100/40000 (total 18100)
  [A-vs-random] game 18125/40000 (total 18125)
  [A-vs-random] game 18150/40000 (total 18150)
  [A-vs-random] game 18175/40000 (total 18175)
  [A-vs-random] game 18200/40000 (total 18200)
  [A-vs-random] game 18225/40000 (total 18225)
  [A-vs-random] game 18250/40000 (total 18250)
  [A-vs-random] game 18275/40000 (total 18275)
  [A-vs-random] game 18300/40000 (total 18300)
  [A-vs-random] game 18325/40000 (total 18325)
  [A-vs-random] game 18350/40000 (total 18350)
  [A-vs-random] game 18375/40000 (total 18375)
  [A-vs-random] game 18400/40000 (total 18400)
  [A-vs-random] game 18425/40000 (total 18425)
  [A-vs-random] game 18450/40000 (total 18450)
  [A-vs-random] game 18475/40000 (total 18475)
  [A-vs-random] game 18500/40000 (total 18500)
  [A-vs-random] game 18525/40000 (total 18525)
  [A-vs-random] game 18550/40000 (total 18550)
  [A-vs-random] game 18575/40000 (total 18575)
  [A-vs-random] game 18600/40000 (total 18600)
  [A-vs-random] game 18625/40000 (total 18625)
  [A-vs-random] game 18650/40000 (total 18650)
  [A-vs-random] game 18675/40000 (total 18675)
  [A-vs-random] game 18700/40000 (total 18700)
  [A-vs-random] game 18725/40000 (total 18725)
  [A-vs-random] game 18750/40000 (total 18750)
  [A-vs-random] game 18775/40000 (total 18775)
  [A-vs-random] game 18800/40000 (total 18800)
  [A-vs-random] game 18825/40000 (total 18825)
  [A-vs-random] game 18850/40000 (total 18850)
  [A-vs-random] game 18875/40000 (total 18875)
  [A-vs-random] game 18900/40000 (total 18900)
  [A-vs-random] game 18925/40000 (total 18925)
  [A-vs-random] game 18950/40000 (total 18950)
  [A-vs-random] game 18975/40000 (total 18975)
  [A-vs-random] game 19000/40000 (total 19000)
  [A-vs-random] game 19025/40000 (total 19025)
  [A-vs-random] game 19050/40000 (total 19050)
  [A-vs-random] game 19075/40000 (total 19075)
  [A-vs-random] game 19100/40000 (total 19100)
  [A-vs-random] game 19125/40000 (total 19125)
  [A-vs-random] game 19150/40000 (total 19150)
  [A-vs-random] game 19175/40000 (total 19175)
  [A-vs-random] game 19200/40000 (total 19200)
  [A-vs-random] game 19225/40000 (total 19225)
  [A-vs-random] game 19250/40000 (total 19250)
  [A-vs-random] game 19275/40000 (total 19275)
  [A-vs-random] game 19300/40000 (total 19300)
  [A-vs-random] game 19325/40000 (total 19325)
  [A-vs-random] game 19350/40000 (total 19350)
  [A-vs-random] game 19375/40000 (total 19375)
  [A-vs-random] game 19400/40000 (total 19400)
  [A-vs-random] game 19425/40000 (total 19425)
  [A-vs-random] game 19450/40000 (total 19450)
  [A-vs-random] game 19475/40000 (total 19475)
  [A-vs-random] game 19500/40000 (total 19500)
  [A-vs-random] game 19525/40000 (total 19525)
  [A-vs-random] game 19550/40000 (total 19550)
  [A-vs-random] game 19575/40000 (total 19575)
  [A-vs-random] game 19600/40000 (total 19600)
  [A-vs-random] game 19625/40000 (total 19625)
  [A-vs-random] game 19650/40000 (total 19650)
  [A-vs-random] game 19675/40000 (total 19675)
  [A-vs-random] game 19700/40000 (total 19700)
  [A-vs-random] game 19725/40000 (total 19725)
  [A-vs-random] game 19750/40000 (total 19750)
  [A-vs-random] game 19775/40000 (total 19775)
  [A-vs-random] game 19800/40000 (total 19800)
  [A-vs-random] game 19825/40000 (total 19825)
  [A-vs-random] game 19850/40000 (total 19850)
  [A-vs-random] game 19875/40000 (total 19875)
  [A-vs-random] game 19900/40000 (total 19900)
  [A-vs-random] game 19925/40000 (total 19925)
  [A-vs-random] game 19950/40000 (total 19950)
  [A-vs-random] game 19975/40000 (total 19975)
  [A-vs-random] game 20000/40000 (total 20000)
  eval@20000: 95.0% vs random
  [A-vs-random] game 20025/40000 (total 20025)
  [A-vs-random] game 20050/40000 (total 20050)
  [A-vs-random] game 20075/40000 (total 20075)
  [A-vs-random] game 20100/40000 (total 20100)
  [A-vs-random] game 20125/40000 (total 20125)
  [A-vs-random] game 20150/40000 (total 20150)
  [A-vs-random] game 20175/40000 (total 20175)
  [A-vs-random] game 20200/40000 (total 20200)
  [A-vs-random] game 20225/40000 (total 20225)
  [A-vs-random] game 20250/40000 (total 20250)
  [A-vs-random] game 20275/40000 (total 20275)
  [A-vs-random] game 20300/40000 (total 20300)
  [A-vs-random] game 20325/40000 (total 20325)
  [A-vs-random] game 20350/40000 (total 20350)
  [A-vs-random] game 20375/40000 (total 20375)
  [A-vs-random] game 20400/40000 (total 20400)
  [A-vs-random] game 20425/40000 (total 20425)
  [A-vs-random] game 20450/40000 (total 20450)
  [A-vs-random] game 20475/40000 (total 20475)
  [A-vs-random] game 20500/40000 (total 20500)
  [A-vs-random] game 20525/40000 (total 20525)
  [A-vs-random] game 20550/40000 (total 20550)
  [A-vs-random] game 20575/40000 (total 20575)
  [A-vs-random] game 20600/40000 (total 20600)
  [A-vs-random] game 20625/40000 (total 20625)
  [A-vs-random] game 20650/40000 (total 20650)
  [A-vs-random] game 20675/40000 (total 20675)
  [A-vs-random] game 20700/40000 (total 20700)
  [A-vs-random] game 20725/40000 (total 20725)
  [A-vs-random] game 20750/40000 (total 20750)
  [A-vs-random] game 20775/40000 (total 20775)
  [A-vs-random] game 20800/40000 (total 20800)
  [A-vs-random] game 20825/40000 (total 20825)
  [A-vs-random] game 20850/40000 (total 20850)
  [A-vs-random] game 20875/40000 (total 20875)
  [A-vs-random] game 20900/40000 (total 20900)
  [A-vs-random] game 20925/40000 (total 20925)
  [A-vs-random] game 20950/40000 (total 20950)
  [A-vs-random] game 20975/40000 (total 20975)
  [A-vs-random] game 21000/40000 (total 21000)
  [A-vs-random] game 21025/40000 (total 21025)
  [A-vs-random] game 21050/40000 (total 21050)
  [A-vs-random] game 21075/40000 (total 21075)
  [A-vs-random] game 21100/40000 (total 21100)
  [A-vs-random] game 21125/40000 (total 21125)
  [A-vs-random] game 21150/40000 (total 21150)
  [A-vs-random] game 21175/40000 (total 21175)
  [A-vs-random] game 21200/40000 (total 21200)
  [A-vs-random] game 21225/40000 (total 21225)
  [A-vs-random] game 21250/40000 (total 21250)
  [A-vs-random] game 21275/40000 (total 21275)
  [A-vs-random] game 21300/40000 (total 21300)
  [A-vs-random] game 21325/40000 (total 21325)
  [A-vs-random] game 21350/40000 (total 21350)
  [A-vs-random] game 21375/40000 (total 21375)
  [A-vs-random] game 21400/40000 (total 21400)
  [A-vs-random] game 21425/40000 (total 21425)
  [A-vs-random] game 21450/40000 (total 21450)
  [A-vs-random] game 21475/40000 (total 21475)
  [A-vs-random] game 21500/40000 (total 21500)
  [A-vs-random] game 21525/40000 (total 21525)
  [A-vs-random] game 21550/40000 (total 21550)
  [A-vs-random] game 21575/40000 (total 21575)
  [A-vs-random] game 21600/40000 (total 21600)
  [A-vs-random] game 21625/40000 (total 21625)
  [A-vs-random] game 21650/40000 (total 21650)
  [A-vs-random] game 21675/40000 (total 21675)
  [A-vs-random] game 21700/40000 (total 21700)
  [A-vs-random] game 21725/40000 (total 21725)
  [A-vs-random] game 21750/40000 (total 21750)
  [A-vs-random] game 21775/40000 (total 21775)
  [A-vs-random] game 21800/40000 (total 21800)
  [A-vs-random] game 21825/40000 (total 21825)
  [A-vs-random] game 21850/40000 (total 21850)
  [A-vs-random] game 21875/40000 (total 21875)
  [A-vs-random] game 21900/40000 (total 21900)
  [A-vs-random] game 21925/40000 (total 21925)
  [A-vs-random] game 21950/40000 (total 21950)
  [A-vs-random] game 21975/40000 (total 21975)
  [A-vs-random] game 22000/40000 (total 22000)
  eval@22000: 95.0% vs random
  [A-vs-random] game 22025/40000 (total 22025)
  [A-vs-random] game 22050/40000 (total 22050)
  [A-vs-random] game 22075/40000 (total 22075)
  [A-vs-random] game 22100/40000 (total 22100)
  [A-vs-random] game 22125/40000 (total 22125)
  [A-vs-random] game 22150/40000 (total 22150)
  [A-vs-random] game 22175/40000 (total 22175)
  [A-vs-random] game 22200/40000 (total 22200)
  [A-vs-random] game 22225/40000 (total 22225)
  [A-vs-random] game 22250/40000 (total 22250)
  [A-vs-random] game 22275/40000 (total 22275)
  [A-vs-random] game 22300/40000 (total 22300)
  [A-vs-random] game 22325/40000 (total 22325)
  [A-vs-random] game 22350/40000 (total 22350)
  [A-vs-random] game 22375/40000 (total 22375)
  [A-vs-random] game 22400/40000 (total 22400)
  [A-vs-random] game 22425/40000 (total 22425)
  [A-vs-random] game 22450/40000 (total 22450)
  [A-vs-random] game 22475/40000 (total 22475)
  [A-vs-random] game 22500/40000 (total 22500)
  [A-vs-random] game 22525/40000 (total 22525)
  [A-vs-random] game 22550/40000 (total 22550)
  [A-vs-random] game 22575/40000 (total 22575)
  [A-vs-random] game 22600/40000 (total 22600)
  [A-vs-random] game 22625/40000 (total 22625)
  [A-vs-random] game 22650/40000 (total 22650)
  [A-vs-random] game 22675/40000 (total 22675)
  [A-vs-random] game 22700/40000 (total 22700)
  [A-vs-random] game 22725/40000 (total 22725)
  [A-vs-random] game 22750/40000 (total 22750)
  [A-vs-random] game 22775/40000 (total 22775)
  [A-vs-random] game 22800/40000 (total 22800)
  [A-vs-random] game 22825/40000 (total 22825)
  [A-vs-random] game 22850/40000 (total 22850)
  [A-vs-random] game 22875/40000 (total 22875)
  [A-vs-random] game 22900/40000 (total 22900)
  [A-vs-random] game 22925/40000 (total 22925)
  [A-vs-random] game 22950/40000 (total 22950)
  [A-vs-random] game 22975/40000 (total 22975)
  [A-vs-random] game 23000/40000 (total 23000)
  [A-vs-random] game 23025/40000 (total 23025)
  [A-vs-random] game 23050/40000 (total 23050)
  [A-vs-random] game 23075/40000 (total 23075)
  [A-vs-random] game 23100/40000 (total 23100)
  [A-vs-random] game 23125/40000 (total 23125)
  [A-vs-random] game 23150/40000 (total 23150)
  [A-vs-random] game 23175/40000 (total 23175)
  [A-vs-random] game 23200/40000 (total 23200)
  [A-vs-random] game 23225/40000 (total 23225)
  [A-vs-random] game 23250/40000 (total 23250)
  [A-vs-random] game 23275/40000 (total 23275)
  [A-vs-random] game 23300/40000 (total 23300)
  [A-vs-random] game 23325/40000 (total 23325)
  [A-vs-random] game 23350/40000 (total 23350)
  [A-vs-random] game 23375/40000 (total 23375)
  [A-vs-random] game 23400/40000 (total 23400)
  [A-vs-random] game 23425/40000 (total 23425)
  [A-vs-random] game 23450/40000 (total 23450)
  [A-vs-random] game 23475/40000 (total 23475)
  [A-vs-random] game 23500/40000 (total 23500)
  [A-vs-random] game 23525/40000 (total 23525)
  [A-vs-random] game 23550/40000 (total 23550)
  [A-vs-random] game 23575/40000 (total 23575)
  [A-vs-random] game 23600/40000 (total 23600)
  [A-vs-random] game 23625/40000 (total 23625)
  [A-vs-random] game 23650/40000 (total 23650)
  [A-vs-random] game 23675/40000 (total 23675)
  [A-vs-random] game 23700/40000 (total 23700)
  [A-vs-random] game 23725/40000 (total 23725)
  [A-vs-random] game 23750/40000 (total 23750)
  [A-vs-random] game 23775/40000 (total 23775)
  [A-vs-random] game 23800/40000 (total 23800)
  [A-vs-random] game 23825/40000 (total 23825)
  [A-vs-random] game 23850/40000 (total 23850)
  [A-vs-random] game 23875/40000 (total 23875)
  [A-vs-random] game 23900/40000 (total 23900)
  [A-vs-random] game 23925/40000 (total 23925)
  [A-vs-random] game 23950/40000 (total 23950)
  [A-vs-random] game 23975/40000 (total 23975)
  [A-vs-random] game 24000/40000 (total 24000)
  eval@24000: 100.0% vs random
  [A-vs-random] game 24025/40000 (total 24025)
  [A-vs-random] game 24050/40000 (total 24050)
  [A-vs-random] game 24075/40000 (total 24075)
  [A-vs-random] game 24100/40000 (total 24100)
  [A-vs-random] game 24125/40000 (total 24125)
  [A-vs-random] game 24150/40000 (total 24150)
  [A-vs-random] game 24175/40000 (total 24175)
  [A-vs-random] game 24200/40000 (total 24200)
  [A-vs-random] game 24225/40000 (total 24225)
  [A-vs-random] game 24250/40000 (total 24250)
  [A-vs-random] game 24275/40000 (total 24275)
  [A-vs-random] game 24300/40000 (total 24300)
  [A-vs-random] game 24325/40000 (total 24325)
  [A-vs-random] game 24350/40000 (total 24350)
  [A-vs-random] game 24375/40000 (total 24375)
  [A-vs-random] game 24400/40000 (total 24400)
  [A-vs-random] game 24425/40000 (total 24425)
  [A-vs-random] game 24450/40000 (total 24450)
  [A-vs-random] game 24475/40000 (total 24475)
  [A-vs-random] game 24500/40000 (total 24500)
  [A-vs-random] game 24525/40000 (total 24525)
  [A-vs-random] game 24550/40000 (total 24550)
  [A-vs-random] game 24575/40000 (total 24575)
  [A-vs-random] game 24600/40000 (total 24600)
  [A-vs-random] game 24625/40000 (total 24625)
  [A-vs-random] game 24650/40000 (total 24650)
  [A-vs-random] game 24675/40000 (total 24675)
  [A-vs-random] game 24700/40000 (total 24700)
  [A-vs-random] game 24725/40000 (total 24725)
  [A-vs-random] game 24750/40000 (total 24750)
  [A-vs-random] game 24775/40000 (total 24775)
  [A-vs-random] game 24800/40000 (total 24800)
  [A-vs-random] game 24825/40000 (total 24825)
  [A-vs-random] game 24850/40000 (total 24850)
  [A-vs-random] game 24875/40000 (total 24875)
  [A-vs-random] game 24900/40000 (total 24900)
  [A-vs-random] game 24925/40000 (total 24925)
  [A-vs-random] game 24950/40000 (total 24950)
  [A-vs-random] game 24975/40000 (total 24975)
  [A-vs-random] game 25000/40000 (total 25000)
  [A-vs-random] game 25025/40000 (total 25025)
  [A-vs-random] game 25050/40000 (total 25050)
  [A-vs-random] game 25075/40000 (total 25075)
  [A-vs-random] game 25100/40000 (total 25100)
  [A-vs-random] game 25125/40000 (total 25125)
  [A-vs-random] game 25150/40000 (total 25150)
  [A-vs-random] game 25175/40000 (total 25175)
  [A-vs-random] game 25200/40000 (total 25200)
  [A-vs-random] game 25225/40000 (total 25225)
  [A-vs-random] game 25250/40000 (total 25250)
  [A-vs-random] game 25275/40000 (total 25275)
  [A-vs-random] game 25300/40000 (total 25300)
  [A-vs-random] game 25325/40000 (total 25325)
  [A-vs-random] game 25350/40000 (total 25350)
  [A-vs-random] game 25375/40000 (total 25375)
  [A-vs-random] game 25400/40000 (total 25400)
  [A-vs-random] game 25425/40000 (total 25425)
  [A-vs-random] game 25450/40000 (total 25450)
  [A-vs-random] game 25475/40000 (total 25475)
  [A-vs-random] game 25500/40000 (total 25500)
  [A-vs-random] game 25525/40000 (total 25525)
  [A-vs-random] game 25550/40000 (total 25550)
  [A-vs-random] game 25575/40000 (total 25575)
  [A-vs-random] game 25600/40000 (total 25600)
  [A-vs-random] game 25625/40000 (total 25625)
  [A-vs-random] game 25650/40000 (total 25650)
  [A-vs-random] game 25675/40000 (total 25675)
  [A-vs-random] game 25700/40000 (total 25700)
  [A-vs-random] game 25725/40000 (total 25725)
  [A-vs-random] game 25750/40000 (total 25750)
  [A-vs-random] game 25775/40000 (total 25775)
  [A-vs-random] game 25800/40000 (total 25800)
  [A-vs-random] game 25825/40000 (total 25825)
  [A-vs-random] game 25850/40000 (total 25850)
  [A-vs-random] game 25875/40000 (total 25875)
  [A-vs-random] game 25900/40000 (total 25900)
  [A-vs-random] game 25925/40000 (total 25925)
  [A-vs-random] game 25950/40000 (total 25950)
  [A-vs-random] game 25975/40000 (total 25975)
  [A-vs-random] game 26000/40000 (total 26000)
  eval@26000: 100.0% vs random
  [A-vs-random] game 26025/40000 (total 26025)
  [A-vs-random] game 26050/40000 (total 26050)
  [A-vs-random] game 26075/40000 (total 26075)
  [A-vs-random] game 26100/40000 (total 26100)
  [A-vs-random] game 26125/40000 (total 26125)
  [A-vs-random] game 26150/40000 (total 26150)
  [A-vs-random] game 26175/40000 (total 26175)
  [A-vs-random] game 26200/40000 (total 26200)
  [A-vs-random] game 26225/40000 (total 26225)
  [A-vs-random] game 26250/40000 (total 26250)
  [A-vs-random] game 26275/40000 (total 26275)
  [A-vs-random] game 26300/40000 (total 26300)
  [A-vs-random] game 26325/40000 (total 26325)
  [A-vs-random] game 26350/40000 (total 26350)
  [A-vs-random] game 26375/40000 (total 26375)
  [A-vs-random] game 26400/40000 (total 26400)
  [A-vs-random] game 26425/40000 (total 26425)
  [A-vs-random] game 26450/40000 (total 26450)
  [A-vs-random] game 26475/40000 (total 26475)
  [A-vs-random] game 26500/40000 (total 26500)
  [A-vs-random] game 26525/40000 (total 26525)
  [A-vs-random] game 26550/40000 (total 26550)
  [A-vs-random] game 26575/40000 (total 26575)
  [A-vs-random] game 26600/40000 (total 26600)
  [A-vs-random] game 26625/40000 (total 26625)
  [A-vs-random] game 26650/40000 (total 26650)
  [A-vs-random] game 26675/40000 (total 26675)
  [A-vs-random] game 26700/40000 (total 26700)
  [A-vs-random] game 26725/40000 (total 26725)
  [A-vs-random] game 26750/40000 (total 26750)
  [A-vs-random] game 26775/40000 (total 26775)
  [A-vs-random] game 26800/40000 (total 26800)
  [A-vs-random] game 26825/40000 (total 26825)
  [A-vs-random] game 26850/40000 (total 26850)
  [A-vs-random] game 26875/40000 (total 26875)
  [A-vs-random] game 26900/40000 (total 26900)
  [A-vs-random] game 26925/40000 (total 26925)
  [A-vs-random] game 26950/40000 (total 26950)
  [A-vs-random] game 26975/40000 (total 26975)
  [A-vs-random] game 27000/40000 (total 27000)
  [A-vs-random] game 27025/40000 (total 27025)
  [A-vs-random] game 27050/40000 (total 27050)
  [A-vs-random] game 27075/40000 (total 27075)
  [A-vs-random] game 27100/40000 (total 27100)
  [A-vs-random] game 27125/40000 (total 27125)
  [A-vs-random] game 27150/40000 (total 27150)
  [A-vs-random] game 27175/40000 (total 27175)
  [A-vs-random] game 27200/40000 (total 27200)
  [A-vs-random] game 27225/40000 (total 27225)
  [A-vs-random] game 27250/40000 (total 27250)
  [A-vs-random] game 27275/40000 (total 27275)
  [A-vs-random] game 27300/40000 (total 27300)
  [A-vs-random] game 27325/40000 (total 27325)
  [A-vs-random] game 27350/40000 (total 27350)
  [A-vs-random] game 27375/40000 (total 27375)
  [A-vs-random] game 27400/40000 (total 27400)
  [A-vs-random] game 27425/40000 (total 27425)
  [A-vs-random] game 27450/40000 (total 27450)
  [A-vs-random] game 27475/40000 (total 27475)
  [A-vs-random] game 27500/40000 (total 27500)
  [A-vs-random] game 27525/40000 (total 27525)
  [A-vs-random] game 27550/40000 (total 27550)
  [A-vs-random] game 27575/40000 (total 27575)
  [A-vs-random] game 27600/40000 (total 27600)
  [A-vs-random] game 27625/40000 (total 27625)
  [A-vs-random] game 27650/40000 (total 27650)
  [A-vs-random] game 27675/40000 (total 27675)
  [A-vs-random] game 27700/40000 (total 27700)
  [A-vs-random] game 27725/40000 (total 27725)
  [A-vs-random] game 27750/40000 (total 27750)
  [A-vs-random] game 27775/40000 (total 27775)
  [A-vs-random] game 27800/40000 (total 27800)
  [A-vs-random] game 27825/40000 (total 27825)
  [A-vs-random] game 27850/40000 (total 27850)
  [A-vs-random] game 27875/40000 (total 27875)
  [A-vs-random] game 27900/40000 (total 27900)
  [A-vs-random] game 27925/40000 (total 27925)
  [A-vs-random] game 27950/40000 (total 27950)
  [A-vs-random] game 27975/40000 (total 27975)
  [A-vs-random] game 28000/40000 (total 28000)
  eval@28000: 95.0% vs random
  [A-vs-random] game 28025/40000 (total 28025)
  [A-vs-random] game 28050/40000 (total 28050)
  [A-vs-random] game 28075/40000 (total 28075)
  [A-vs-random] game 28100/40000 (total 28100)
  [A-vs-random] game 28125/40000 (total 28125)
  [A-vs-random] game 28150/40000 (total 28150)
  [A-vs-random] game 28175/40000 (total 28175)
  [A-vs-random] game 28200/40000 (total 28200)
  [A-vs-random] game 28225/40000 (total 28225)
  [A-vs-random] game 28250/40000 (total 28250)
  [A-vs-random] game 28275/40000 (total 28275)
  [A-vs-random] game 28300/40000 (total 28300)
  [A-vs-random] game 28325/40000 (total 28325)
  [A-vs-random] game 28350/40000 (total 28350)
  [A-vs-random] game 28375/40000 (total 28375)
  [A-vs-random] game 28400/40000 (total 28400)
  [A-vs-random] game 28425/40000 (total 28425)
  [A-vs-random] game 28450/40000 (total 28450)
  [A-vs-random] game 28475/40000 (total 28475)
  [A-vs-random] game 28500/40000 (total 28500)
  [A-vs-random] game 28525/40000 (total 28525)
  [A-vs-random] game 28550/40000 (total 28550)
  [A-vs-random] game 28575/40000 (total 28575)
  [A-vs-random] game 28600/40000 (total 28600)
  [A-vs-random] game 28625/40000 (total 28625)
  [A-vs-random] game 28650/40000 (total 28650)
  [A-vs-random] game 28675/40000 (total 28675)
  [A-vs-random] game 28700/40000 (total 28700)
  [A-vs-random] game 28725/40000 (total 28725)
  [A-vs-random] game 28750/40000 (total 28750)
  [A-vs-random] game 28775/40000 (total 28775)
  [A-vs-random] game 28800/40000 (total 28800)
  [A-vs-random] game 28825/40000 (total 28825)
  [A-vs-random] game 28850/40000 (total 28850)
  [A-vs-random] game 28875/40000 (total 28875)
  [A-vs-random] game 28900/40000 (total 28900)
  [A-vs-random] game 28925/40000 (total 28925)
  [A-vs-random] game 28950/40000 (total 28950)
  [A-vs-random] game 28975/40000 (total 28975)
  [A-vs-random] game 29000/40000 (total 29000)
  [A-vs-random] game 29025/40000 (total 29025)
  [A-vs-random] game 29050/40000 (total 29050)
  [A-vs-random] game 29075/40000 (total 29075)
  [A-vs-random] game 29100/40000 (total 29100)
  [A-vs-random] game 29125/40000 (total 29125)
  [A-vs-random] game 29150/40000 (total 29150)
  [A-vs-random] game 29175/40000 (total 29175)
  [A-vs-random] game 29200/40000 (total 29200)
  [A-vs-random] game 29225/40000 (total 29225)
  [A-vs-random] game 29250/40000 (total 29250)
  [A-vs-random] game 29275/40000 (total 29275)
  [A-vs-random] game 29300/40000 (total 29300)
  [A-vs-random] game 29325/40000 (total 29325)
  [A-vs-random] game 29350/40000 (total 29350)
  [A-vs-random] game 29375/40000 (total 29375)
  [A-vs-random] game 29400/40000 (total 29400)
  [A-vs-random] game 29425/40000 (total 29425)
  [A-vs-random] game 29450/40000 (total 29450)
  [A-vs-random] game 29475/40000 (total 29475)
  [A-vs-random] game 29500/40000 (total 29500)
  [A-vs-random] game 29525/40000 (total 29525)
  [A-vs-random] game 29550/40000 (total 29550)
  [A-vs-random] game 29575/40000 (total 29575)
  [A-vs-random] game 29600/40000 (total 29600)
  [A-vs-random] game 29625/40000 (total 29625)
  [A-vs-random] game 29650/40000 (total 29650)
  [A-vs-random] game 29675/40000 (total 29675)
  [A-vs-random] game 29700/40000 (total 29700)
  [A-vs-random] game 29725/40000 (total 29725)
  [A-vs-random] game 29750/40000 (total 29750)
  [A-vs-random] game 29775/40000 (total 29775)
  [A-vs-random] game 29800/40000 (total 29800)
  [A-vs-random] game 29825/40000 (total 29825)
  [A-vs-random] game 29850/40000 (total 29850)
  [A-vs-random] game 29875/40000 (total 29875)
  [A-vs-random] game 29900/40000 (total 29900)
  [A-vs-random] game 29925/40000 (total 29925)
  [A-vs-random] game 29950/40000 (total 29950)
  [A-vs-random] game 29975/40000 (total 29975)
  [A-vs-random] game 30000/40000 (total 30000)
  eval@30000: 100.0% vs random
  [A-vs-random] game 30025/40000 (total 30025)
  [A-vs-random] game 30050/40000 (total 30050)
  [A-vs-random] game 30075/40000 (total 30075)
  [A-vs-random] game 30100/40000 (total 30100)
  [A-vs-random] game 30125/40000 (total 30125)
  [A-vs-random] game 30150/40000 (total 30150)
  [A-vs-random] game 30175/40000 (total 30175)
  [A-vs-random] game 30200/40000 (total 30200)
  [A-vs-random] game 30225/40000 (total 30225)
  [A-vs-random] game 30250/40000 (total 30250)
  [A-vs-random] game 30275/40000 (total 30275)
  [A-vs-random] game 30300/40000 (total 30300)
  [A-vs-random] game 30325/40000 (total 30325)
  [A-vs-random] game 30350/40000 (total 30350)
  [A-vs-random] game 30375/40000 (total 30375)
  [A-vs-random] game 30400/40000 (total 30400)
  [A-vs-random] game 30425/40000 (total 30425)
  [A-vs-random] game 30450/40000 (total 30450)
  [A-vs-random] game 30475/40000 (total 30475)
  [A-vs-random] game 30500/40000 (total 30500)
  [A-vs-random] game 30525/40000 (total 30525)
  [A-vs-random] game 30550/40000 (total 30550)
  [A-vs-random] game 30575/40000 (total 30575)
  [A-vs-random] game 30600/40000 (total 30600)
  [A-vs-random] game 30625/40000 (total 30625)
  [A-vs-random] game 30650/40000 (total 30650)
  [A-vs-random] game 30675/40000 (total 30675)
  [A-vs-random] game 30700/40000 (total 30700)
  [A-vs-random] game 30725/40000 (total 30725)
  [A-vs-random] game 30750/40000 (total 30750)
  [A-vs-random] game 30775/40000 (total 30775)
  [A-vs-random] game 30800/40000 (total 30800)
  [A-vs-random] game 30825/40000 (total 30825)
  [A-vs-random] game 30850/40000 (total 30850)
  [A-vs-random] game 30875/40000 (total 30875)
  [A-vs-random] game 30900/40000 (total 30900)
  [A-vs-random] game 30925/40000 (total 30925)
  [A-vs-random] game 30950/40000 (total 30950)
  [A-vs-random] game 30975/40000 (total 30975)
  [A-vs-random] game 31000/40000 (total 31000)
  [A-vs-random] game 31025/40000 (total 31025)
  [A-vs-random] game 31050/40000 (total 31050)
  [A-vs-random] game 31075/40000 (total 31075)
  [A-vs-random] game 31100/40000 (total 31100)
  [A-vs-random] game 31125/40000 (total 31125)
  [A-vs-random] game 31150/40000 (total 31150)
  [A-vs-random] game 31175/40000 (total 31175)
  [A-vs-random] game 31200/40000 (total 31200)
  [A-vs-random] game 31225/40000 (total 31225)
  [A-vs-random] game 31250/40000 (total 31250)
  [A-vs-random] game 31275/40000 (total 31275)
  [A-vs-random] game 31300/40000 (total 31300)
  [A-vs-random] game 31325/40000 (total 31325)
  [A-vs-random] game 31350/40000 (total 31350)
  [A-vs-random] game 31375/40000 (total 31375)
  [A-vs-random] game 31400/40000 (total 31400)
  [A-vs-random] game 31425/40000 (total 31425)
  [A-vs-random] game 31450/40000 (total 31450)
  [A-vs-random] game 31475/40000 (total 31475)
  [A-vs-random] game 31500/40000 (total 31500)
  [A-vs-random] game 31525/40000 (total 31525)
  [A-vs-random] game 31550/40000 (total 31550)
  [A-vs-random] game 31575/40000 (total 31575)
  [A-vs-random] game 31600/40000 (total 31600)
  [A-vs-random] game 31625/40000 (total 31625)
  [A-vs-random] game 31650/40000 (total 31650)
  [A-vs-random] game 31675/40000 (total 31675)
  [A-vs-random] game 31700/40000 (total 31700)
  [A-vs-random] game 31725/40000 (total 31725)
  [A-vs-random] game 31750/40000 (total 31750)
  [A-vs-random] game 31775/40000 (total 31775)
  [A-vs-random] game 31800/40000 (total 31800)
  [A-vs-random] game 31825/40000 (total 31825)
  [A-vs-random] game 31850/40000 (total 31850)
  [A-vs-random] game 31875/40000 (total 31875)
  [A-vs-random] game 31900/40000 (total 31900)
  [A-vs-random] game 31925/40000 (total 31925)
  [A-vs-random] game 31950/40000 (total 31950)
  [A-vs-random] game 31975/40000 (total 31975)
  [A-vs-random] game 32000/40000 (total 32000)
  eval@32000: 97.5% vs random
  [A-vs-random] game 32025/40000 (total 32025)
  [A-vs-random] game 32050/40000 (total 32050)
  [A-vs-random] game 32075/40000 (total 32075)
  [A-vs-random] game 32100/40000 (total 32100)
  [A-vs-random] game 32125/40000 (total 32125)
  [A-vs-random] game 32150/40000 (total 32150)
  [A-vs-random] game 32175/40000 (total 32175)
  [A-vs-random] game 32200/40000 (total 32200)
  [A-vs-random] game 32225/40000 (total 32225)
  [A-vs-random] game 32250/40000 (total 32250)
  [A-vs-random] game 32275/40000 (total 32275)
  [A-vs-random] game 32300/40000 (total 32300)
  [A-vs-random] game 32325/40000 (total 32325)
  [A-vs-random] game 32350/40000 (total 32350)
  [A-vs-random] game 32375/40000 (total 32375)
  [A-vs-random] game 32400/40000 (total 32400)
  [A-vs-random] game 32425/40000 (total 32425)
  [A-vs-random] game 32450/40000 (total 32450)
  [A-vs-random] game 32475/40000 (total 32475)
  [A-vs-random] game 32500/40000 (total 32500)
  [A-vs-random] game 32525/40000 (total 32525)
  [A-vs-random] game 32550/40000 (total 32550)
  [A-vs-random] game 32575/40000 (total 32575)
  [A-vs-random] game 32600/40000 (total 32600)
  [A-vs-random] game 32625/40000 (total 32625)
  [A-vs-random] game 32650/40000 (total 32650)
  [A-vs-random] game 32675/40000 (total 32675)
  [A-vs-random] game 32700/40000 (total 32700)
  [A-vs-random] game 32725/40000 (total 32725)
  [A-vs-random] game 32750/40000 (total 32750)
  [A-vs-random] game 32775/40000 (total 32775)
  [A-vs-random] game 32800/40000 (total 32800)
  [A-vs-random] game 32825/40000 (total 32825)
  [A-vs-random] game 32850/40000 (total 32850)
  [A-vs-random] game 32875/40000 (total 32875)
  [A-vs-random] game 32900/40000 (total 32900)
  [A-vs-random] game 32925/40000 (total 32925)
  [A-vs-random] game 32950/40000 (total 32950)
  [A-vs-random] game 32975/40000 (total 32975)
  [A-vs-random] game 33000/40000 (total 33000)
  [A-vs-random] game 33025/40000 (total 33025)
  [A-vs-random] game 33050/40000 (total 33050)
  [A-vs-random] game 33075/40000 (total 33075)
  [A-vs-random] game 33100/40000 (total 33100)
  [A-vs-random] game 33125/40000 (total 33125)
  [A-vs-random] game 33150/40000 (total 33150)
  [A-vs-random] game 33175/40000 (total 33175)
  [A-vs-random] game 33200/40000 (total 33200)
  [A-vs-random] game 33225/40000 (total 33225)
  [A-vs-random] game 33250/40000 (total 33250)
  [A-vs-random] game 33275/40000 (total 33275)
  [A-vs-random] game 33300/40000 (total 33300)
  [A-vs-random] game 33325/40000 (total 33325)
  [A-vs-random] game 33350/40000 (total 33350)
  [A-vs-random] game 33375/40000 (total 33375)
  [A-vs-random] game 33400/40000 (total 33400)
  [A-vs-random] game 33425/40000 (total 33425)
  [A-vs-random] game 33450/40000 (total 33450)
  [A-vs-random] game 33475/40000 (total 33475)
  [A-vs-random] game 33500/40000 (total 33500)
  [A-vs-random] game 33525/40000 (total 33525)
  [A-vs-random] game 33550/40000 (total 33550)
  [A-vs-random] game 33575/40000 (total 33575)
  [A-vs-random] game 33600/40000 (total 33600)
  [A-vs-random] game 33625/40000 (total 33625)
  [A-vs-random] game 33650/40000 (total 33650)
  [A-vs-random] game 33675/40000 (total 33675)
  [A-vs-random] game 33700/40000 (total 33700)
  [A-vs-random] game 33725/40000 (total 33725)
  [A-vs-random] game 33750/40000 (total 33750)
  [A-vs-random] game 33775/40000 (total 33775)
  [A-vs-random] game 33800/40000 (total 33800)
  [A-vs-random] game 33825/40000 (total 33825)
  [A-vs-random] game 33850/40000 (total 33850)
  [A-vs-random] game 33875/40000 (total 33875)
  [A-vs-random] game 33900/40000 (total 33900)
  [A-vs-random] game 33925/40000 (total 33925)
  [A-vs-random] game 33950/40000 (total 33950)
  [A-vs-random] game 33975/40000 (total 33975)
  [A-vs-random] game 34000/40000 (total 34000)
  eval@34000: 97.5% vs random
  [A-vs-random] game 34025/40000 (total 34025)
  [A-vs-random] game 34050/40000 (total 34050)
  [A-vs-random] game 34075/40000 (total 34075)
  [A-vs-random] game 34100/40000 (total 34100)
  [A-vs-random] game 34125/40000 (total 34125)
  [A-vs-random] game 34150/40000 (total 34150)
  [A-vs-random] game 34175/40000 (total 34175)
  [A-vs-random] game 34200/40000 (total 34200)
  [A-vs-random] game 34225/40000 (total 34225)
  [A-vs-random] game 34250/40000 (total 34250)
  [A-vs-random] game 34275/40000 (total 34275)
  [A-vs-random] game 34300/40000 (total 34300)
  [A-vs-random] game 34325/40000 (total 34325)
  [A-vs-random] game 34350/40000 (total 34350)
  [A-vs-random] game 34375/40000 (total 34375)
  [A-vs-random] game 34400/40000 (total 34400)
  [A-vs-random] game 34425/40000 (total 34425)
  [A-vs-random] game 34450/40000 (total 34450)
  [A-vs-random] game 34475/40000 (total 34475)
  [A-vs-random] game 34500/40000 (total 34500)
  [A-vs-random] game 34525/40000 (total 34525)
  [A-vs-random] game 34550/40000 (total 34550)
  [A-vs-random] game 34575/40000 (total 34575)
  [A-vs-random] game 34600/40000 (total 34600)
  [A-vs-random] game 34625/40000 (total 34625)
  [A-vs-random] game 34650/40000 (total 34650)
  [A-vs-random] game 34675/40000 (total 34675)
  [A-vs-random] game 34700/40000 (total 34700)
  [A-vs-random] game 34725/40000 (total 34725)
  [A-vs-random] game 34750/40000 (total 34750)
  [A-vs-random] game 34775/40000 (total 34775)
  [A-vs-random] game 34800/40000 (total 34800)
  [A-vs-random] game 34825/40000 (total 34825)
  [A-vs-random] game 34850/40000 (total 34850)
  [A-vs-random] game 34875/40000 (total 34875)
  [A-vs-random] game 34900/40000 (total 34900)
  [A-vs-random] game 34925/40000 (total 34925)
  [A-vs-random] game 34950/40000 (total 34950)
  [A-vs-random] game 34975/40000 (total 34975)
  [A-vs-random] game 35000/40000 (total 35000)
  [A-vs-random] game 35025/40000 (total 35025)
  [A-vs-random] game 35050/40000 (total 35050)
  [A-vs-random] game 35075/40000 (total 35075)
  [A-vs-random] game 35100/40000 (total 35100)
  [A-vs-random] game 35125/40000 (total 35125)
  [A-vs-random] game 35150/40000 (total 35150)
  [A-vs-random] game 35175/40000 (total 35175)
  [A-vs-random] game 35200/40000 (total 35200)
  [A-vs-random] game 35225/40000 (total 35225)
  [A-vs-random] game 35250/40000 (total 35250)
  [A-vs-random] game 35275/40000 (total 35275)
  [A-vs-random] game 35300/40000 (total 35300)
  [A-vs-random] game 35325/40000 (total 35325)
  [A-vs-random] game 35350/40000 (total 35350)
  [A-vs-random] game 35375/40000 (total 35375)
  [A-vs-random] game 35400/40000 (total 35400)
  [A-vs-random] game 35425/40000 (total 35425)
  [A-vs-random] game 35450/40000 (total 35450)
  [A-vs-random] game 35475/40000 (total 35475)
  [A-vs-random] game 35500/40000 (total 35500)
  [A-vs-random] game 35525/40000 (total 35525)
  [A-vs-random] game 35550/40000 (total 35550)
  [A-vs-random] game 35575/40000 (total 35575)
  [A-vs-random] game 35600/40000 (total 35600)
  [A-vs-random] game 35625/40000 (total 35625)
  [A-vs-random] game 35650/40000 (total 35650)
  [A-vs-random] game 35675/40000 (total 35675)
  [A-vs-random] game 35700/40000 (total 35700)
  [A-vs-random] game 35725/40000 (total 35725)
  [A-vs-random] game 35750/40000 (total 35750)
  [A-vs-random] game 35775/40000 (total 35775)
  [A-vs-random] game 35800/40000 (total 35800)
  [A-vs-random] game 35825/40000 (total 35825)
  [A-vs-random] game 35850/40000 (total 35850)
  [A-vs-random] game 35875/40000 (total 35875)
  [A-vs-random] game 35900/40000 (total 35900)
  [A-vs-random] game 35925/40000 (total 35925)
  [A-vs-random] game 35950/40000 (total 35950)
  [A-vs-random] game 35975/40000 (total 35975)
  [A-vs-random] game 36000/40000 (total 36000)
  eval@36000: 100.0% vs random
  [A-vs-random] game 36025/40000 (total 36025)
  [A-vs-random] game 36050/40000 (total 36050)
  [A-vs-random] game 36075/40000 (total 36075)
  [A-vs-random] game 36100/40000 (total 36100)
  [A-vs-random] game 36125/40000 (total 36125)
  [A-vs-random] game 36150/40000 (total 36150)
  [A-vs-random] game 36175/40000 (total 36175)
  [A-vs-random] game 36200/40000 (total 36200)
  [A-vs-random] game 36225/40000 (total 36225)
  [A-vs-random] game 36250/40000 (total 36250)
  [A-vs-random] game 36275/40000 (total 36275)
  [A-vs-random] game 36300/40000 (total 36300)
  [A-vs-random] game 36325/40000 (total 36325)
  [A-vs-random] game 36350/40000 (total 36350)
  [A-vs-random] game 36375/40000 (total 36375)
  [A-vs-random] game 36400/40000 (total 36400)
  [A-vs-random] game 36425/40000 (total 36425)
  [A-vs-random] game 36450/40000 (total 36450)
  [A-vs-random] game 36475/40000 (total 36475)
  [A-vs-random] game 36500/40000 (total 36500)
  [A-vs-random] game 36525/40000 (total 36525)
  [A-vs-random] game 36550/40000 (total 36550)
  [A-vs-random] game 36575/40000 (total 36575)
  [A-vs-random] game 36600/40000 (total 36600)
  [A-vs-random] game 36625/40000 (total 36625)
  [A-vs-random] game 36650/40000 (total 36650)
  [A-vs-random] game 36675/40000 (total 36675)
  [A-vs-random] game 36700/40000 (total 36700)
  [A-vs-random] game 36725/40000 (total 36725)
  [A-vs-random] game 36750/40000 (total 36750)
  [A-vs-random] game 36775/40000 (total 36775)
  [A-vs-random] game 36800/40000 (total 36800)
  [A-vs-random] game 36825/40000 (total 36825)
  [A-vs-random] game 36850/40000 (total 36850)
  [A-vs-random] game 36875/40000 (total 36875)
  [A-vs-random] game 36900/40000 (total 36900)
  [A-vs-random] game 36925/40000 (total 36925)
  [A-vs-random] game 36950/40000 (total 36950)
  [A-vs-random] game 36975/40000 (total 36975)
  [A-vs-random] game 37000/40000 (total 37000)
  [A-vs-random] game 37025/40000 (total 37025)
  [A-vs-random] game 37050/40000 (total 37050)
  [A-vs-random] game 37075/40000 (total 37075)
  [A-vs-random] game 37100/40000 (total 37100)
  [A-vs-random] game 37125/40000 (total 37125)
  [A-vs-random] game 37150/40000 (total 37150)
  [A-vs-random] game 37175/40000 (total 37175)
  [A-vs-random] game 37200/40000 (total 37200)
  [A-vs-random] game 37225/40000 (total 37225)
  [A-vs-random] game 37250/40000 (total 37250)
  [A-vs-random] game 37275/40000 (total 37275)
  [A-vs-random] game 37300/40000 (total 37300)
  [A-vs-random] game 37325/40000 (total 37325)
  [A-vs-random] game 37350/40000 (total 37350)
  [A-vs-random] game 37375/40000 (total 37375)
  [A-vs-random] game 37400/40000 (total 37400)
  [A-vs-random] game 37425/40000 (total 37425)
  [A-vs-random] game 37450/40000 (total 37450)
  [A-vs-random] game 37475/40000 (total 37475)
  [A-vs-random] game 37500/40000 (total 37500)
  [A-vs-random] game 37525/40000 (total 37525)
  [A-vs-random] game 37550/40000 (total 37550)
  [A-vs-random] game 37575/40000 (total 37575)
  [A-vs-random] game 37600/40000 (total 37600)
  [A-vs-random] game 37625/40000 (total 37625)
  [A-vs-random] game 37650/40000 (total 37650)
  [A-vs-random] game 37675/40000 (total 37675)
  [A-vs-random] game 37700/40000 (total 37700)
  [A-vs-random] game 37725/40000 (total 37725)
  [A-vs-random] game 37750/40000 (total 37750)
  [A-vs-random] game 37775/40000 (total 37775)
  [A-vs-random] game 37800/40000 (total 37800)
  [A-vs-random] game 37825/40000 (total 37825)
  [A-vs-random] game 37850/40000 (total 37850)
  [A-vs-random] game 37875/40000 (total 37875)
  [A-vs-random] game 37900/40000 (total 37900)
  [A-vs-random] game 37925/40000 (total 37925)
  [A-vs-random] game 37950/40000 (total 37950)
  [A-vs-random] game 37975/40000 (total 37975)
  [A-vs-random] game 38000/40000 (total 38000)
  eval@38000: 97.5% vs random
  [A-vs-random] game 38025/40000 (total 38025)
  [A-vs-random] game 38050/40000 (total 38050)
  [A-vs-random] game 38075/40000 (total 38075)
  [A-vs-random] game 38100/40000 (total 38100)
  [A-vs-random] game 38125/40000 (total 38125)
  [A-vs-random] game 38150/40000 (total 38150)
  [A-vs-random] game 38175/40000 (total 38175)
  [A-vs-random] game 38200/40000 (total 38200)
  [A-vs-random] game 38225/40000 (total 38225)
  [A-vs-random] game 38250/40000 (total 38250)
  [A-vs-random] game 38275/40000 (total 38275)
  [A-vs-random] game 38300/40000 (total 38300)
  [A-vs-random] game 38325/40000 (total 38325)
  [A-vs-random] game 38350/40000 (total 38350)
  [A-vs-random] game 38375/40000 (total 38375)
  [A-vs-random] game 38400/40000 (total 38400)
  [A-vs-random] game 38425/40000 (total 38425)
  [A-vs-random] game 38450/40000 (total 38450)
  [A-vs-random] game 38475/40000 (total 38475)
  [A-vs-random] game 38500/40000 (total 38500)
  [A-vs-random] game 38525/40000 (total 38525)
  [A-vs-random] game 38550/40000 (total 38550)
  [A-vs-random] game 38575/40000 (total 38575)
  [A-vs-random] game 38600/40000 (total 38600)
  [A-vs-random] game 38625/40000 (total 38625)
  [A-vs-random] game 38650/40000 (total 38650)
  [A-vs-random] game 38675/40000 (total 38675)
  [A-vs-random] game 38700/40000 (total 38700)
  [A-vs-random] game 38725/40000 (total 38725)
  [A-vs-random] game 38750/40000 (total 38750)
  [A-vs-random] game 38775/40000 (total 38775)
  [A-vs-random] game 38800/40000 (total 38800)
  [A-vs-random] game 38825/40000 (total 38825)
  [A-vs-random] game 38850/40000 (total 38850)
  [A-vs-random] game 38875/40000 (total 38875)
  [A-vs-random] game 38900/40000 (total 38900)
  [A-vs-random] game 38925/40000 (total 38925)
  [A-vs-random] game 38950/40000 (total 38950)
  [A-vs-random] game 38975/40000 (total 38975)
  [A-vs-random] game 39000/40000 (total 39000)
  [A-vs-random] game 39025/40000 (total 39025)
  [A-vs-random] game 39050/40000 (total 39050)
  [A-vs-random] game 39075/40000 (total 39075)
  [A-vs-random] game 39100/40000 (total 39100)
  [A-vs-random] game 39125/40000 (total 39125)
  [A-vs-random] game 39150/40000 (total 39150)
  [A-vs-random] game 39175/40000 (total 39175)
  [A-vs-random] game 39200/40000 (total 39200)
  [A-vs-random] game 39225/40000 (total 39225)
  [A-vs-random] game 39250/40000 (total 39250)
  [A-vs-random] game 39275/40000 (total 39275)
  [A-vs-random] game 39300/40000 (total 39300)
  [A-vs-random] game 39325/40000 (total 39325)
  [A-vs-random] game 39350/40000 (total 39350)
  [A-vs-random] game 39375/40000 (total 39375)
  [A-vs-random] game 39400/40000 (total 39400)
  [A-vs-random] game 39425/40000 (total 39425)
  [A-vs-random] game 39450/40000 (total 39450)
  [A-vs-random] game 39475/40000 (total 39475)
  [A-vs-random] game 39500/40000 (total 39500)
  [A-vs-random] game 39525/40000 (total 39525)
  [A-vs-random] game 39550/40000 (total 39550)
  [A-vs-random] game 39575/40000 (total 39575)
  [A-vs-random] game 39600/40000 (total 39600)
  [A-vs-random] game 39625/40000 (total 39625)
  [A-vs-random] game 39650/40000 (total 39650)
  [A-vs-random] game 39675/40000 (total 39675)
  [A-vs-random] game 39700/40000 (total 39700)
  [A-vs-random] game 39725/40000 (total 39725)
  [A-vs-random] game 39750/40000 (total 39750)
  [A-vs-random] game 39775/40000 (total 39775)
  [A-vs-random] game 39800/40000 (total 39800)
  [A-vs-random] game 39825/40000 (total 39825)
  [A-vs-random] game 39850/40000 (total 39850)
  [A-vs-random] game 39875/40000 (total 39875)
  [A-vs-random] game 39900/40000 (total 39900)
  [A-vs-random] game 39925/40000 (total 39925)
  [A-vs-random] game 39950/40000 (total 39950)
  [A-vs-random] game 39975/40000 (total 39975)
  [A-vs-random] game 40000/40000 (total 40000)
  eval@40000: 95.0% vs random
  [B-vs-greedy] game 25/30000 (total 40025)
  [B-vs-greedy] game 50/30000 (total 40050)
  [B-vs-greedy] game 75/30000 (total 40075)
  [B-vs-greedy] game 100/30000 (total 40100)
  [B-vs-greedy] game 125/30000 (total 40125)
  [B-vs-greedy] game 150/30000 (total 40150)
  [B-vs-greedy] game 175/30000 (total 40175)
  [B-vs-greedy] game 200/30000 (total 40200)
  [B-vs-greedy] game 225/30000 (total 40225)
  [B-vs-greedy] game 250/30000 (total 40250)
  [B-vs-greedy] game 275/30000 (total 40275)
  [B-vs-greedy] game 300/30000 (total 40300)
  [B-vs-greedy] game 325/30000 (total 40325)
  [B-vs-greedy] game 350/30000 (total 40350)
  [B-vs-greedy] game 375/30000 (total 40375)
  [B-vs-greedy] game 400/30000 (total 40400)
  [B-vs-greedy] game 425/30000 (total 40425)
  [B-vs-greedy] game 450/30000 (total 40450)
  [B-vs-greedy] game 475/30000 (total 40475)
  [B-vs-greedy] game 500/30000 (total 40500)
  [B-vs-greedy] game 525/30000 (total 40525)
  [B-vs-greedy] game 550/30000 (total 40550)
  [B-vs-greedy] game 575/30000 (total 40575)
  [B-vs-greedy] game 600/30000 (total 40600)
  [B-vs-greedy] game 625/30000 (total 40625)
  [B-vs-greedy] game 650/30000 (total 40650)
  [B-vs-greedy] game 675/30000 (total 40675)
  [B-vs-greedy] game 700/30000 (total 40700)
  [B-vs-greedy] game 725/30000 (total 40725)
  [B-vs-greedy] game 750/30000 (total 40750)
  [B-vs-greedy] game 775/30000 (total 40775)
  [B-vs-greedy] game 800/30000 (total 40800)
  [B-vs-greedy] game 825/30000 (total 40825)
  [B-vs-greedy] game 850/30000 (total 40850)
  [B-vs-greedy] game 875/30000 (total 40875)
  [B-vs-greedy] game 900/30000 (total 40900)
  [B-vs-greedy] game 925/30000 (total 40925)
  [B-vs-greedy] game 950/30000 (total 40950)
  [B-vs-greedy] game 975/30000 (total 40975)
  [B-vs-greedy] game 1000/30000 (total 41000)
  [B-vs-greedy] game 1025/30000 (total 41025)
  [B-vs-greedy] game 1050/30000 (total 41050)
  [B-vs-greedy] game 1075/30000 (total 41075)
  [B-vs-greedy] game 1100/30000 (total 41100)
  [B-vs-greedy] game 1125/30000 (total 41125)
  [B-vs-greedy] game 1150/30000 (total 41150)
  [B-vs-greedy] game 1175/30000 (total 41175)
  [B-vs-greedy] game 1200/30000 (total 41200)
  [B-vs-greedy] game 1225/30000 (total 41225)
  [B-vs-greedy] game 1250/30000 (total 41250)
  [B-vs-greedy] game 1275/30000 (total 41275)
  [B-vs-greedy] game 1300/30000 (total 41300)
  [B-vs-greedy] game 1325/30000 (total 41325)
  [B-vs-greedy] game 1350/30000 (total 41350)
  [B-vs-greedy] game 1375/30000 (total 41375)
  [B-vs-greedy] game 1400/30000 (total 41400)
  [B-vs-greedy] game 1425/30000 (total 41425)
  [B-vs-greedy] game 1450/30000 (total 41450)
  [B-vs-greedy] game 1475/30000 (total 41475)
  [B-vs-greedy] game 1500/30000 (total 41500)
  [B-vs-greedy] game 1525/30000 (total 41525)
  [B-vs-greedy] game 1550/30000 (total 41550)
  [B-vs-greedy] game 1575/30000 (total 41575)
  [B-vs-greedy] game 1600/30000 (total 41600)
  [B-vs-greedy] game 1625/30000 (total 41625)
  [B-vs-greedy] game 1650/30000 (total 41650)
  [B-vs-greedy] game 1675/30000 (total 41675)
  [B-vs-greedy] game 1700/30000 (total 41700)
  [B-vs-greedy] game 1725/30000 (total 41725)
  [B-vs-greedy] game 1750/30000 (total 41750)
  [B-vs-greedy] game 1775/30000 (total 41775)
  [B-vs-greedy] game 1800/30000 (total 41800)
  [B-vs-greedy] game 1825/30000 (total 41825)
  [B-vs-greedy] game 1850/30000 (total 41850)
  [B-vs-greedy] game 1875/30000 (total 41875)
  [B-vs-greedy] game 1900/30000 (total 41900)
  [B-vs-greedy] game 1925/30000 (total 41925)
  [B-vs-greedy] game 1950/30000 (total 41950)
  [B-vs-greedy] game 1975/30000 (total 41975)
  [B-vs-greedy] game 2000/30000 (total 42000)
  eval@42000: 100.0% vs random
  [B-vs-greedy] game 2025/30000 (total 42025)
  [B-vs-greedy] game 2050/30000 (total 42050)
  [B-vs-greedy] game 2075/30000 (total 42075)
  [B-vs-greedy] game 2100/30000 (total 42100)
  [B-vs-greedy] game 2125/30000 (total 42125)
  [B-vs-greedy] game 2150/30000 (total 42150)
  [B-vs-greedy] game 2175/30000 (total 42175)
  [B-vs-greedy] game 2200/30000 (total 42200)
  [B-vs-greedy] game 2225/30000 (total 42225)
  [B-vs-greedy] game 2250/30000 (total 42250)
  [B-vs-greedy] game 2275/30000 (total 42275)
  [B-vs-greedy] game 2300/30000 (total 42300)
  [B-vs-greedy] game 2325/30000 (total 42325)
  [B-vs-greedy] game 2350/30000 (total 42350)
  [B-vs-greedy] game 2375/30000 (total 42375)
  [B-vs-greedy] game 2400/30000 (total 42400)
  [B-vs-greedy] game 2425/30000 (total 42425)
  [B-vs-greedy] game 2450/30000 (total 42450)
  [B-vs-greedy] game 2475/30000 (total 42475)
  [B-vs-greedy] game 2500/30000 (total 42500)
  [B-vs-greedy] game 2525/30000 (total 42525)
  [B-vs-greedy] game 2550/30000 (total 42550)
  [B-vs-greedy] game 2575/30000 (total 42575)
  [B-vs-greedy] game 2600/30000 (total 42600)
  [B-vs-greedy] game 2625/30000 (total 42625)
  [B-vs-greedy] game 2650/30000 (total 42650)
  [B-vs-greedy] game 2675/30000 (total 42675)
  [B-vs-greedy] game 2700/30000 (total 42700)
  [B-vs-greedy] game 2725/30000 (total 42725)
  [B-vs-greedy] game 2750/30000 (total 42750)
  [B-vs-greedy] game 2775/30000 (total 42775)
  [B-vs-greedy] game 2800/30000 (total 42800)
  [B-vs-greedy] game 2825/30000 (total 42825)
  [B-vs-greedy] game 2850/30000 (total 42850)
  [B-vs-greedy] game 2875/30000 (total 42875)
  [B-vs-greedy] game 2900/30000 (total 42900)
  [B-vs-greedy] game 2925/30000 (total 42925)
  [B-vs-greedy] game 2950/30000 (total 42950)
  [B-vs-greedy] game 2975/30000 (total 42975)
  [B-vs-greedy] game 3000/30000 (total 43000)
  [B-vs-greedy] game 3025/30000 (total 43025)
  [B-vs-greedy] game 3050/30000 (total 43050)
  [B-vs-greedy] game 3075/30000 (total 43075)
  [B-vs-greedy] game 3100/30000 (total 43100)
  [B-vs-greedy] game 3125/30000 (total 43125)
  [B-vs-greedy] game 3150/30000 (total 43150)
  [B-vs-greedy] game 3175/30000 (total 43175)
  [B-vs-greedy] game 3200/30000 (total 43200)
  [B-vs-greedy] game 3225/30000 (total 43225)
  [B-vs-greedy] game 3250/30000 (total 43250)
  [B-vs-greedy] game 3275/30000 (total 43275)
  [B-vs-greedy] game 3300/30000 (total 43300)
  [B-vs-greedy] game 3325/30000 (total 43325)
  [B-vs-greedy] game 3350/30000 (total 43350)
  [B-vs-greedy] game 3375/30000 (total 43375)
  [B-vs-greedy] game 3400/30000 (total 43400)
  [B-vs-greedy] game 3425/30000 (total 43425)
  [B-vs-greedy] game 3450/30000 (total 43450)
  [B-vs-greedy] game 3475/30000 (total 43475)
  [B-vs-greedy] game 3500/30000 (total 43500)
  [B-vs-greedy] game 3525/30000 (total 43525)
  [B-vs-greedy] game 3550/30000 (total 43550)
  [B-vs-greedy] game 3575/30000 (total 43575)
  [B-vs-greedy] game 3600/30000 (total 43600)
  [B-vs-greedy] game 3625/30000 (total 43625)
  [B-vs-greedy] game 3650/30000 (total 43650)
  [B-vs-greedy] game 3675/30000 (total 43675)
  [B-vs-greedy] game 3700/30000 (total 43700)
  [B-vs-greedy] game 3725/30000 (total 43725)
  [B-vs-greedy] game 3750/30000 (total 43750)
  [B-vs-greedy] game 3775/30000 (total 43775)
  [B-vs-greedy] game 3800/30000 (total 43800)
  [B-vs-greedy] game 3825/30000 (total 43825)
  [B-vs-greedy] game 3850/30000 (total 43850)
  [B-vs-greedy] game 3875/30000 (total 43875)
  [B-vs-greedy] game 3900/30000 (total 43900)
  [B-vs-greedy] game 3925/30000 (total 43925)
  [B-vs-greedy] game 3950/30000 (total 43950)
  [B-vs-greedy] game 3975/30000 (total 43975)
  [B-vs-greedy] game 4000/30000 (total 44000)
  eval@44000: 100.0% vs random
  [B-vs-greedy] game 4025/30000 (total 44025)
  [B-vs-greedy] game 4050/30000 (total 44050)
  [B-vs-greedy] game 4075/30000 (total 44075)
  [B-vs-greedy] game 4100/30000 (total 44100)
  [B-vs-greedy] game 4125/30000 (total 44125)
  [B-vs-greedy] game 4150/30000 (total 44150)
  [B-vs-greedy] game 4175/30000 (total 44175)
  [B-vs-greedy] game 4200/30000 (total 44200)
  [B-vs-greedy] game 4225/30000 (total 44225)
  [B-vs-greedy] game 4250/30000 (total 44250)
  [B-vs-greedy] game 4275/30000 (total 44275)
  [B-vs-greedy] game 4300/30000 (total 44300)
  [B-vs-greedy] game 4325/30000 (total 44325)
  [B-vs-greedy] game 4350/30000 (total 44350)
  [B-vs-greedy] game 4375/30000 (total 44375)
  [B-vs-greedy] game 4400/30000 (total 44400)
  [B-vs-greedy] game 4425/30000 (total 44425)
  [B-vs-greedy] game 4450/30000 (total 44450)
  [B-vs-greedy] game 4475/30000 (total 44475)
  [B-vs-greedy] game 4500/30000 (total 44500)
  [B-vs-greedy] game 4525/30000 (total 44525)
  [B-vs-greedy] game 4550/30000 (total 44550)
  [B-vs-greedy] game 4575/30000 (total 44575)
  [B-vs-greedy] game 4600/30000 (total 44600)
  [B-vs-greedy] game 4625/30000 (total 44625)
  [B-vs-greedy] game 4650/30000 (total 44650)
  [B-vs-greedy] game 4675/30000 (total 44675)
  [B-vs-greedy] game 4700/30000 (total 44700)
  [B-vs-greedy] game 4725/30000 (total 44725)
  [B-vs-greedy] game 4750/30000 (total 44750)
  [B-vs-greedy] game 4775/30000 (total 44775)
  [B-vs-greedy] game 4800/30000 (total 44800)
  [B-vs-greedy] game 4825/30000 (total 44825)
  [B-vs-greedy] game 4850/30000 (total 44850)
  [B-vs-greedy] game 4875/30000 (total 44875)
  [B-vs-greedy] game 4900/30000 (total 44900)
  [B-vs-greedy] game 4925/30000 (total 44925)
  [B-vs-greedy] game 4950/30000 (total 44950)
  [B-vs-greedy] game 4975/30000 (total 44975)
  [B-vs-greedy] game 5000/30000 (total 45000)
  [B-vs-greedy] game 5025/30000 (total 45025)
  [B-vs-greedy] game 5050/30000 (total 45050)
  [B-vs-greedy] game 5075/30000 (total 45075)
  [B-vs-greedy] game 5100/30000 (total 45100)
  [B-vs-greedy] game 5125/30000 (total 45125)
  [B-vs-greedy] game 5150/30000 (total 45150)
  [B-vs-greedy] game 5175/30000 (total 45175)
  [B-vs-greedy] game 5200/30000 (total 45200)
  [B-vs-greedy] game 5225/30000 (total 45225)
  [B-vs-greedy] game 5250/30000 (total 45250)
  [B-vs-greedy] game 5275/30000 (total 45275)
  [B-vs-greedy] game 5300/30000 (total 45300)
  [B-vs-greedy] game 5325/30000 (total 45325)
  [B-vs-greedy] game 5350/30000 (total 45350)
  [B-vs-greedy] game 5375/30000 (total 45375)
  [B-vs-greedy] game 5400/30000 (total 45400)
  [B-vs-greedy] game 5425/30000 (total 45425)
  [B-vs-greedy] game 5450/30000 (total 45450)
  [B-vs-greedy] game 5475/30000 (total 45475)
  [B-vs-greedy] game 5500/30000 (total 45500)
  [B-vs-greedy] game 5525/30000 (total 45525)
  [B-vs-greedy] game 5550/30000 (total 45550)
  [B-vs-greedy] game 5575/30000 (total 45575)
  [B-vs-greedy] game 5600/30000 (total 45600)
  [B-vs-greedy] game 5625/30000 (total 45625)
  [B-vs-greedy] game 5650/30000 (total 45650)
  [B-vs-greedy] game 5675/30000 (total 45675)
  [B-vs-greedy] game 5700/30000 (total 45700)
  [B-vs-greedy] game 5725/30000 (total 45725)
  [B-vs-greedy] game 5750/30000 (total 45750)
  [B-vs-greedy] game 5775/30000 (total 45775)
  [B-vs-greedy] game 5800/30000 (total 45800)
  [B-vs-greedy] game 5825/30000 (total 45825)
  [B-vs-greedy] game 5850/30000 (total 45850)
  [B-vs-greedy] game 5875/30000 (total 45875)
  [B-vs-greedy] game 5900/30000 (total 45900)
  [B-vs-greedy] game 5925/30000 (total 45925)
  [B-vs-greedy] game 5950/30000 (total 45950)
  [B-vs-greedy] game 5975/30000 (total 45975)
  [B-vs-greedy] game 6000/30000 (total 46000)
  eval@46000: 100.0% vs random
  [B-vs-greedy] game 6025/30000 (total 46025)
  [B-vs-greedy] game 6050/30000 (total 46050)
  [B-vs-greedy] game 6075/30000 (total 46075)
  [B-vs-greedy] game 6100/30000 (total 46100)
  [B-vs-greedy] game 6125/30000 (total 46125)
  [B-vs-greedy] game 6150/30000 (total 46150)
  [B-vs-greedy] game 6175/30000 (total 46175)
  [B-vs-greedy] game 6200/30000 (total 46200)
  [B-vs-greedy] game 6225/30000 (total 46225)
  [B-vs-greedy] game 6250/30000 (total 46250)
  [B-vs-greedy] game 6275/30000 (total 46275)
  [B-vs-greedy] game 6300/30000 (total 46300)
  [B-vs-greedy] game 6325/30000 (total 46325)
  [B-vs-greedy] game 6350/30000 (total 46350)
  [B-vs-greedy] game 6375/30000 (total 46375)
  [B-vs-greedy] game 6400/30000 (total 46400)
  [B-vs-greedy] game 6425/30000 (total 46425)
  [B-vs-greedy] game 6450/30000 (total 46450)
  [B-vs-greedy] game 6475/30000 (total 46475)
  [B-vs-greedy] game 6500/30000 (total 46500)
  [B-vs-greedy] game 6525/30000 (total 46525)
  [B-vs-greedy] game 6550/30000 (total 46550)
  [B-vs-greedy] game 6575/30000 (total 46575)
  [B-vs-greedy] game 6600/30000 (total 46600)
  [B-vs-greedy] game 6625/30000 (total 46625)
  [B-vs-greedy] game 6650/30000 (total 46650)
  [B-vs-greedy] game 6675/30000 (total 46675)
  [B-vs-greedy] game 6700/30000 (total 46700)
  [B-vs-greedy] game 6725/30000 (total 46725)
  [B-vs-greedy] game 6750/30000 (total 46750)
  [B-vs-greedy] game 6775/30000 (total 46775)
  [B-vs-greedy] game 6800/30000 (total 46800)
  [B-vs-greedy] game 6825/30000 (total 46825)
  [B-vs-greedy] game 6850/30000 (total 46850)
  [B-vs-greedy] game 6875/30000 (total 46875)
  [B-vs-greedy] game 6900/30000 (total 46900)
  [B-vs-greedy] game 6925/30000 (total 46925)
  [B-vs-greedy] game 6950/30000 (total 46950)
  [B-vs-greedy] game 6975/30000 (total 46975)
  [B-vs-greedy] game 7000/30000 (total 47000)
  [B-vs-greedy] game 7025/30000 (total 47025)
  [B-vs-greedy] game 7050/30000 (total 47050)
  [B-vs-greedy] game 7075/30000 (total 47075)
  [B-vs-greedy] game 7100/30000 (total 47100)
  [B-vs-greedy] game 7125/30000 (total 47125)
  [B-vs-greedy] game 7150/30000 (total 47150)
  [B-vs-greedy] game 7175/30000 (total 47175)
  [B-vs-greedy] game 7200/30000 (total 47200)
  [B-vs-greedy] game 7225/30000 (total 47225)
  [B-vs-greedy] game 7250/30000 (total 47250)
  [B-vs-greedy] game 7275/30000 (total 47275)
  [B-vs-greedy] game 7300/30000 (total 47300)
  [B-vs-greedy] game 7325/30000 (total 47325)
  [B-vs-greedy] game 7350/30000 (total 47350)
  [B-vs-greedy] game 7375/30000 (total 47375)
  [B-vs-greedy] game 7400/30000 (total 47400)
  [B-vs-greedy] game 7425/30000 (total 47425)
  [B-vs-greedy] game 7450/30000 (total 47450)
  [B-vs-greedy] game 7475/30000 (total 47475)
  [B-vs-greedy] game 7500/30000 (total 47500)
  [B-vs-greedy] game 7525/30000 (total 47525)
  [B-vs-greedy] game 7550/30000 (total 47550)
  [B-vs-greedy] game 7575/30000 (total 47575)
  [B-vs-greedy] game 7600/30000 (total 47600)
  [B-vs-greedy] game 7625/30000 (total 47625)
  [B-vs-greedy] game 7650/30000 (total 47650)
  [B-vs-greedy] game 7675/30000 (total 47675)
  [B-vs-greedy] game 7700/30000 (total 47700)
  [B-vs-greedy] game 7725/30000 (total 47725)
  [B-vs-greedy] game 7750/30000 (total 47750)
  [B-vs-greedy] game 7775/30000 (total 47775)
  [B-vs-greedy] game 7800/30000 (total 47800)
  [B-vs-greedy] game 7825/30000 (total 47825)
  [B-vs-greedy] game 7850/30000 (total 47850)
  [B-vs-greedy] game 7875/30000 (total 47875)
  [B-vs-greedy] game 7900/30000 (total 47900)
  [B-vs-greedy] game 7925/30000 (total 47925)
  [B-vs-greedy] game 7950/30000 (total 47950)
  [B-vs-greedy] game 7975/30000 (total 47975)
  [B-vs-greedy] game 8000/30000 (total 48000)
  eval@48000: 97.5% vs random
  [B-vs-greedy] game 8025/30000 (total 48025)
  [B-vs-greedy] game 8050/30000 (total 48050)
  [B-vs-greedy] game 8075/30000 (total 48075)
  [B-vs-greedy] game 8100/30000 (total 48100)
  [B-vs-greedy] game 8125/30000 (total 48125)
  [B-vs-greedy] game 8150/30000 (total 48150)
  [B-vs-greedy] game 8175/30000 (total 48175)
  [B-vs-greedy] game 8200/30000 (total 48200)
  [B-vs-greedy] game 8225/30000 (total 48225)
  [B-vs-greedy] game 8250/30000 (total 48250)
  [B-vs-greedy] game 8275/30000 (total 48275)
  [B-vs-greedy] game 8300/30000 (total 48300)
  [B-vs-greedy] game 8325/30000 (total 48325)
  [B-vs-greedy] game 8350/30000 (total 48350)
  [B-vs-greedy] game 8375/30000 (total 48375)
  [B-vs-greedy] game 8400/30000 (total 48400)
  [B-vs-greedy] game 8425/30000 (total 48425)
  [B-vs-greedy] game 8450/30000 (total 48450)
  [B-vs-greedy] game 8475/30000 (total 48475)
  [B-vs-greedy] game 8500/30000 (total 48500)
  [B-vs-greedy] game 8525/30000 (total 48525)
  [B-vs-greedy] game 8550/30000 (total 48550)
  [B-vs-greedy] game 8575/30000 (total 48575)
  [B-vs-greedy] game 8600/30000 (total 48600)
  [B-vs-greedy] game 8625/30000 (total 48625)
  [B-vs-greedy] game 8650/30000 (total 48650)
  [B-vs-greedy] game 8675/30000 (total 48675)
  [B-vs-greedy] game 8700/30000 (total 48700)
  [B-vs-greedy] game 8725/30000 (total 48725)
  [B-vs-greedy] game 8750/30000 (total 48750)
  [B-vs-greedy] game 8775/30000 (total 48775)
  [B-vs-greedy] game 8800/30000 (total 48800)
  [B-vs-greedy] game 8825/30000 (total 48825)
  [B-vs-greedy] game 8850/30000 (total 48850)
  [B-vs-greedy] game 8875/30000 (total 48875)
  [B-vs-greedy] game 8900/30000 (total 48900)
  [B-vs-greedy] game 8925/30000 (total 48925)
  [B-vs-greedy] game 8950/30000 (total 48950)
  [B-vs-greedy] game 8975/30000 (total 48975)
  [B-vs-greedy] game 9000/30000 (total 49000)
  [B-vs-greedy] game 9025/30000 (total 49025)
  [B-vs-greedy] game 9050/30000 (total 49050)
  [B-vs-greedy] game 9075/30000 (total 49075)
  [B-vs-greedy] game 9100/30000 (total 49100)
  [B-vs-greedy] game 9125/30000 (total 49125)
  [B-vs-greedy] game 9150/30000 (total 49150)
  [B-vs-greedy] game 9175/30000 (total 49175)
  [B-vs-greedy] game 9200/30000 (total 49200)
  [B-vs-greedy] game 9225/30000 (total 49225)
  [B-vs-greedy] game 9250/30000 (total 49250)
  [B-vs-greedy] game 9275/30000 (total 49275)
  [B-vs-greedy] game 9300/30000 (total 49300)
  [B-vs-greedy] game 9325/30000 (total 49325)
  [B-vs-greedy] game 9350/30000 (total 49350)
  [B-vs-greedy] game 9375/30000 (total 49375)
  [B-vs-greedy] game 9400/30000 (total 49400)
  [B-vs-greedy] game 9425/30000 (total 49425)
  [B-vs-greedy] game 9450/30000 (total 49450)
  [B-vs-greedy] game 9475/30000 (total 49475)
  [B-vs-greedy] game 9500/30000 (total 49500)
  [B-vs-greedy] game 9525/30000 (total 49525)
  [B-vs-greedy] game 9550/30000 (total 49550)
  [B-vs-greedy] game 9575/30000 (total 49575)
  [B-vs-greedy] game 9600/30000 (total 49600)
  [B-vs-greedy] game 9625/30000 (total 49625)
  [B-vs-greedy] game 9650/30000 (total 49650)
  [B-vs-greedy] game 9675/30000 (total 49675)
  [B-vs-greedy] game 9700/30000 (total 49700)
  [B-vs-greedy] game 9725/30000 (total 49725)
  [B-vs-greedy] game 9750/30000 (total 49750)
  [B-vs-greedy] game 9775/30000 (total 49775)
  [B-vs-greedy] game 9800/30000 (total 49800)
  [B-vs-greedy] game 9825/30000 (total 49825)
  [B-vs-greedy] game 9850/30000 (total 49850)
  [B-vs-greedy] game 9875/30000 (total 49875)
  [B-vs-greedy] game 9900/30000 (total 49900)
  [B-vs-greedy] game 9925/30000 (total 49925)
  [B-vs-greedy] game 9950/30000 (total 49950)
  [B-vs-greedy] game 9975/30000 (total 49975)
  [B-vs-greedy] game 10000/30000 (total 50000)
  eval@50000: 97.5% vs random
  [B-vs-greedy] game 10025/30000 (total 50025)
  [B-vs-greedy] game 10050/30000 (total 50050)
  [B-vs-greedy] game 10075/30000 (total 50075)
  [B-vs-greedy] game 10100/30000 (total 50100)
  [B-vs-greedy] game 10125/30000 (total 50125)
  [B-vs-greedy] game 10150/30000 (total 50150)
  [B-vs-greedy] game 10175/30000 (total 50175)
  [B-vs-greedy] game 10200/30000 (total 50200)
  [B-vs-greedy] game 10225/30000 (total 50225)
  [B-vs-greedy] game 10250/30000 (total 50250)
  [B-vs-greedy] game 10275/30000 (total 50275)
  [B-vs-greedy] game 10300/30000 (total 50300)
  [B-vs-greedy] game 10325/30000 (total 50325)
  [B-vs-greedy] game 10350/30000 (total 50350)
  [B-vs-greedy] game 10375/30000 (total 50375)
  [B-vs-greedy] game 10400/30000 (total 50400)
  [B-vs-greedy] game 10425/30000 (total 50425)
  [B-vs-greedy] game 10450/30000 (total 50450)
  [B-vs-greedy] game 10475/30000 (total 50475)
  [B-vs-greedy] game 10500/30000 (total 50500)
  [B-vs-greedy] game 10525/30000 (total 50525)
  [B-vs-greedy] game 10550/30000 (total 50550)
  [B-vs-greedy] game 10575/30000 (total 50575)
  [B-vs-greedy] game 10600/30000 (total 50600)
  [B-vs-greedy] game 10625/30000 (total 50625)
  [B-vs-greedy] game 10650/30000 (total 50650)
  [B-vs-greedy] game 10675/30000 (total 50675)
  [B-vs-greedy] game 10700/30000 (total 50700)
  [B-vs-greedy] game 10725/30000 (total 50725)
  [B-vs-greedy] game 10750/30000 (total 50750)
  [B-vs-greedy] game 10775/30000 (total 50775)
  [B-vs-greedy] game 10800/30000 (total 50800)
  [B-vs-greedy] game 10825/30000 (total 50825)
  [B-vs-greedy] game 10850/30000 (total 50850)
  [B-vs-greedy] game 10875/30000 (total 50875)
  [B-vs-greedy] game 10900/30000 (total 50900)
  [B-vs-greedy] game 10925/30000 (total 50925)
  [B-vs-greedy] game 10950/30000 (total 50950)
  [B-vs-greedy] game 10975/30000 (total 50975)
  [B-vs-greedy] game 11000/30000 (total 51000)
  [B-vs-greedy] game 11025/30000 (total 51025)
  [B-vs-greedy] game 11050/30000 (total 51050)
  [B-vs-greedy] game 11075/30000 (total 51075)
  [B-vs-greedy] game 11100/30000 (total 51100)
  [B-vs-greedy] game 11125/30000 (total 51125)
  [B-vs-greedy] game 11150/30000 (total 51150)
  [B-vs-greedy] game 11175/30000 (total 51175)
  [B-vs-greedy] game 11200/30000 (total 51200)
  [B-vs-greedy] game 11225/30000 (total 51225)
  [B-vs-greedy] game 11250/30000 (total 51250)
  [B-vs-greedy] game 11275/30000 (total 51275)
  [B-vs-greedy] game 11300/30000 (total 51300)
  [B-vs-greedy] game 11325/30000 (total 51325)
  [B-vs-greedy] game 11350/30000 (total 51350)
  [B-vs-greedy] game 11375/30000 (total 51375)
  [B-vs-greedy] game 11400/30000 (total 51400)
  [B-vs-greedy] game 11425/30000 (total 51425)
  [B-vs-greedy] game 11450/30000 (total 51450)
  [B-vs-greedy] game 11475/30000 (total 51475)
  [B-vs-greedy] game 11500/30000 (total 51500)
  [B-vs-greedy] game 11525/30000 (total 51525)
  [B-vs-greedy] game 11550/30000 (total 51550)
  [B-vs-greedy] game 11575/30000 (total 51575)
  [B-vs-greedy] game 11600/30000 (total 51600)
  [B-vs-greedy] game 11625/30000 (total 51625)
  [B-vs-greedy] game 11650/30000 (total 51650)
  [B-vs-greedy] game 11675/30000 (total 51675)
  [B-vs-greedy] game 11700/30000 (total 51700)
  [B-vs-greedy] game 11725/30000 (total 51725)
  [B-vs-greedy] game 11750/30000 (total 51750)
  [B-vs-greedy] game 11775/30000 (total 51775)
  [B-vs-greedy] game 11800/30000 (total 51800)
  [B-vs-greedy] game 11825/30000 (total 51825)
  [B-vs-greedy] game 11850/30000 (total 51850)
  [B-vs-greedy] game 11875/30000 (total 51875)
  [B-vs-greedy] game 11900/30000 (total 51900)
  [B-vs-greedy] game 11925/30000 (total 51925)
  [B-vs-greedy] game 11950/30000 (total 51950)
  [B-vs-greedy] game 11975/30000 (total 51975)
  [B-vs-greedy] game 12000/30000 (total 52000)
  eval@52000: 97.5% vs random
  [B-vs-greedy] game 12025/30000 (total 52025)
  [B-vs-greedy] game 12050/30000 (total 52050)
  [B-vs-greedy] game 12075/30000 (total 52075)
  [B-vs-greedy] game 12100/30000 (total 52100)
  [B-vs-greedy] game 12125/30000 (total 52125)
  [B-vs-greedy] game 12150/30000 (total 52150)
  [B-vs-greedy] game 12175/30000 (total 52175)
  [B-vs-greedy] game 12200/30000 (total 52200)
  [B-vs-greedy] game 12225/30000 (total 52225)
  [B-vs-greedy] game 12250/30000 (total 52250)
  [B-vs-greedy] game 12275/30000 (total 52275)
  [B-vs-greedy] game 12300/30000 (total 52300)
  [B-vs-greedy] game 12325/30000 (total 52325)
  [B-vs-greedy] game 12350/30000 (total 52350)
  [B-vs-greedy] game 12375/30000 (total 52375)
  [B-vs-greedy] game 12400/30000 (total 52400)
  [B-vs-greedy] game 12425/30000 (total 52425)
  [B-vs-greedy] game 12450/30000 (total 52450)
  [B-vs-greedy] game 12475/30000 (total 52475)
  [B-vs-greedy] game 12500/30000 (total 52500)
  [B-vs-greedy] game 12525/30000 (total 52525)
  [B-vs-greedy] game 12550/30000 (total 52550)
  [B-vs-greedy] game 12575/30000 (total 52575)
  [B-vs-greedy] game 12600/30000 (total 52600)
  [B-vs-greedy] game 12625/30000 (total 52625)
  [B-vs-greedy] game 12650/30000 (total 52650)
  [B-vs-greedy] game 12675/30000 (total 52675)
  [B-vs-greedy] game 12700/30000 (total 52700)
  [B-vs-greedy] game 12725/30000 (total 52725)
  [B-vs-greedy] game 12750/30000 (total 52750)
  [B-vs-greedy] game 12775/30000 (total 52775)
  [B-vs-greedy] game 12800/30000 (total 52800)
  [B-vs-greedy] game 12825/30000 (total 52825)
  [B-vs-greedy] game 12850/30000 (total 52850)
  [B-vs-greedy] game 12875/30000 (total 52875)
  [B-vs-greedy] game 12900/30000 (total 52900)
  [B-vs-greedy] game 12925/30000 (total 52925)
  [B-vs-greedy] game 12950/30000 (total 52950)
  [B-vs-greedy] game 12975/30000 (total 52975)
  [B-vs-greedy] game 13000/30000 (total 53000)
  [B-vs-greedy] game 13025/30000 (total 53025)
  [B-vs-greedy] game 13050/30000 (total 53050)
  [B-vs-greedy] game 13075/30000 (total 53075)
  [B-vs-greedy] game 13100/30000 (total 53100)
  [B-vs-greedy] game 13125/30000 (total 53125)
  [B-vs-greedy] game 13150/30000 (total 53150)
  [B-vs-greedy] game 13175/30000 (total 53175)
  [B-vs-greedy] game 13200/30000 (total 53200)
  [B-vs-greedy] game 13225/30000 (total 53225)
  [B-vs-greedy] game 13250/30000 (total 53250)
  [B-vs-greedy] game 13275/30000 (total 53275)
  [B-vs-greedy] game 13300/30000 (total 53300)
  [B-vs-greedy] game 13325/30000 (total 53325)
  [B-vs-greedy] game 13350/30000 (total 53350)
  [B-vs-greedy] game 13375/30000 (total 53375)
  [B-vs-greedy] game 13400/30000 (total 53400)
  [B-vs-greedy] game 13425/30000 (total 53425)
  [B-vs-greedy] game 13450/30000 (total 53450)
  [B-vs-greedy] game 13475/30000 (total 53475)
  [B-vs-greedy] game 13500/30000 (total 53500)
  [B-vs-greedy] game 13525/30000 (total 53525)
  [B-vs-greedy] game 13550/30000 (total 53550)
  [B-vs-greedy] game 13575/30000 (total 53575)
  [B-vs-greedy] game 13600/30000 (total 53600)
  [B-vs-greedy] game 13625/30000 (total 53625)
  [B-vs-greedy] game 13650/30000 (total 53650)
  [B-vs-greedy] game 13675/30000 (total 53675)
  [B-vs-greedy] game 13700/30000 (total 53700)
  [B-vs-greedy] game 13725/30000 (total 53725)
  [B-vs-greedy] game 13750/30000 (total 53750)
  [B-vs-greedy] game 13775/30000 (total 53775)
  [B-vs-greedy] game 13800/30000 (total 53800)
  [B-vs-greedy] game 13825/30000 (total 53825)
  [B-vs-greedy] game 13850/30000 (total 53850)
  [B-vs-greedy] game 13875/30000 (total 53875)
  [B-vs-greedy] game 13900/30000 (total 53900)
  [B-vs-greedy] game 13925/30000 (total 53925)
  [B-vs-greedy] game 13950/30000 (total 53950)
  [B-vs-greedy] game 13975/30000 (total 53975)
  [B-vs-greedy] game 14000/30000 (total 54000)
  eval@54000: 97.5% vs random
  [B-vs-greedy] game 14025/30000 (total 54025)
  [B-vs-greedy] game 14050/30000 (total 54050)
  [B-vs-greedy] game 14075/30000 (total 54075)
  [B-vs-greedy] game 14100/30000 (total 54100)
  [B-vs-greedy] game 14125/30000 (total 54125)
  [B-vs-greedy] game 14150/30000 (total 54150)
  [B-vs-greedy] game 14175/30000 (total 54175)
  [B-vs-greedy] game 14200/30000 (total 54200)
  [B-vs-greedy] game 14225/30000 (total 54225)
  [B-vs-greedy] game 14250/30000 (total 54250)
  [B-vs-greedy] game 14275/30000 (total 54275)
  [B-vs-greedy] game 14300/30000 (total 54300)
  [B-vs-greedy] game 14325/30000 (total 54325)
  [B-vs-greedy] game 14350/30000 (total 54350)
  [B-vs-greedy] game 14375/30000 (total 54375)
  [B-vs-greedy] game 14400/30000 (total 54400)
  [B-vs-greedy] game 14425/30000 (total 54425)
  [B-vs-greedy] game 14450/30000 (total 54450)
  [B-vs-greedy] game 14475/30000 (total 54475)
  [B-vs-greedy] game 14500/30000 (total 54500)
  [B-vs-greedy] game 14525/30000 (total 54525)
  [B-vs-greedy] game 14550/30000 (total 54550)
  [B-vs-greedy] game 14575/30000 (total 54575)
  [B-vs-greedy] game 14600/30000 (total 54600)
  [B-vs-greedy] game 14625/30000 (total 54625)
  [B-vs-greedy] game 14650/30000 (total 54650)
  [B-vs-greedy] game 14675/30000 (total 54675)
  [B-vs-greedy] game 14700/30000 (total 54700)
  [B-vs-greedy] game 14725/30000 (total 54725)
  [B-vs-greedy] game 14750/30000 (total 54750)
  [B-vs-greedy] game 14775/30000 (total 54775)
  [B-vs-greedy] game 14800/30000 (total 54800)
  [B-vs-greedy] game 14825/30000 (total 54825)
  [B-vs-greedy] game 14850/30000 (total 54850)
  [B-vs-greedy] game 14875/30000 (total 54875)
  [B-vs-greedy] game 14900/30000 (total 54900)
  [B-vs-greedy] game 14925/30000 (total 54925)
  [B-vs-greedy] game 14950/30000 (total 54950)
  [B-vs-greedy] game 14975/30000 (total 54975)
  [B-vs-greedy] game 15000/30000 (total 55000)
  [B-vs-greedy] game 15025/30000 (total 55025)
  [B-vs-greedy] game 15050/30000 (total 55050)
  [B-vs-greedy] game 15075/30000 (total 55075)
  [B-vs-greedy] game 15100/30000 (total 55100)
  [B-vs-greedy] game 15125/30000 (total 55125)
  [B-vs-greedy] game 15150/30000 (total 55150)
  [B-vs-greedy] game 15175/30000 (total 55175)
  [B-vs-greedy] game 15200/30000 (total 55200)
  [B-vs-greedy] game 15225/30000 (total 55225)
  [B-vs-greedy] game 15250/30000 (total 55250)
  [B-vs-greedy] game 15275/30000 (total 55275)
  [B-vs-greedy] game 15300/30000 (total 55300)
  [B-vs-greedy] game 15325/30000 (total 55325)
  [B-vs-greedy] game 15350/30000 (total 55350)
  [B-vs-greedy] game 15375/30000 (total 55375)
  [B-vs-greedy] game 15400/30000 (total 55400)
  [B-vs-greedy] game 15425/30000 (total 55425)
  [B-vs-greedy] game 15450/30000 (total 55450)
  [B-vs-greedy] game 15475/30000 (total 55475)
  [B-vs-greedy] game 15500/30000 (total 55500)
  [B-vs-greedy] game 15525/30000 (total 55525)
  [B-vs-greedy] game 15550/30000 (total 55550)
  [B-vs-greedy] game 15575/30000 (total 55575)
  [B-vs-greedy] game 15600/30000 (total 55600)
  [B-vs-greedy] game 15625/30000 (total 55625)
  [B-vs-greedy] game 15650/30000 (total 55650)
  [B-vs-greedy] game 15675/30000 (total 55675)
  [B-vs-greedy] game 15700/30000 (total 55700)
  [B-vs-greedy] game 15725/30000 (total 55725)
  [B-vs-greedy] game 15750/30000 (total 55750)
  [B-vs-greedy] game 15775/30000 (total 55775)
  [B-vs-greedy] game 15800/30000 (total 55800)
  [B-vs-greedy] game 15825/30000 (total 55825)
  [B-vs-greedy] game 15850/30000 (total 55850)
  [B-vs-greedy] game 15875/30000 (total 55875)
  [B-vs-greedy] game 15900/30000 (total 55900)
  [B-vs-greedy] game 15925/30000 (total 55925)
  [B-vs-greedy] game 15950/30000 (total 55950)
  [B-vs-greedy] game 15975/30000 (total 55975)
  [B-vs-greedy] game 16000/30000 (total 56000)
  eval@56000: 97.5% vs random
  [B-vs-greedy] game 16025/30000 (total 56025)
  [B-vs-greedy] game 16050/30000 (total 56050)
  [B-vs-greedy] game 16075/30000 (total 56075)
  [B-vs-greedy] game 16100/30000 (total 56100)
  [B-vs-greedy] game 16125/30000 (total 56125)
  [B-vs-greedy] game 16150/30000 (total 56150)
  [B-vs-greedy] game 16175/30000 (total 56175)
  [B-vs-greedy] game 16200/30000 (total 56200)
  [B-vs-greedy] game 16225/30000 (total 56225)
  [B-vs-greedy] game 16250/30000 (total 56250)
  [B-vs-greedy] game 16275/30000 (total 56275)
  [B-vs-greedy] game 16300/30000 (total 56300)
  [B-vs-greedy] game 16325/30000 (total 56325)
  [B-vs-greedy] game 16350/30000 (total 56350)
  [B-vs-greedy] game 16375/30000 (total 56375)
  [B-vs-greedy] game 16400/30000 (total 56400)
  [B-vs-greedy] game 16425/30000 (total 56425)
  [B-vs-greedy] game 16450/30000 (total 56450)
  [B-vs-greedy] game 16475/30000 (total 56475)
  [B-vs-greedy] game 16500/30000 (total 56500)
  [B-vs-greedy] game 16525/30000 (total 56525)
  [B-vs-greedy] game 16550/30000 (total 56550)
  [B-vs-greedy] game 16575/30000 (total 56575)
  [B-vs-greedy] game 16600/30000 (total 56600)
  [B-vs-greedy] game 16625/30000 (total 56625)
  [B-vs-greedy] game 16650/30000 (total 56650)
  [B-vs-greedy] game 16675/30000 (total 56675)
  [B-vs-greedy] game 16700/30000 (total 56700)
  [B-vs-greedy] game 16725/30000 (total 56725)
  [B-vs-greedy] game 16750/30000 (total 56750)
  [B-vs-greedy] game 16775/30000 (total 56775)
  [B-vs-greedy] game 16800/30000 (total 56800)
  [B-vs-greedy] game 16825/30000 (total 56825)
  [B-vs-greedy] game 16850/30000 (total 56850)
  [B-vs-greedy] game 16875/30000 (total 56875)
  [B-vs-greedy] game 16900/30000 (total 56900)
  [B-vs-greedy] game 16925/30000 (total 56925)
  [B-vs-greedy] game 16950/30000 (total 56950)
  [B-vs-greedy] game 16975/30000 (total 56975)
  [B-vs-greedy] game 17000/30000 (total 57000)
  [B-vs-greedy] game 17025/30000 (total 57025)
  [B-vs-greedy] game 17050/30000 (total 57050)
  [B-vs-greedy] game 17075/30000 (total 57075)
  [B-vs-greedy] game 17100/30000 (total 57100)
  [B-vs-greedy] game 17125/30000 (total 57125)
  [B-vs-greedy] game 17150/30000 (total 57150)
  [B-vs-greedy] game 17175/30000 (total 57175)
  [B-vs-greedy] game 17200/30000 (total 57200)
  [B-vs-greedy] game 17225/30000 (total 57225)
  [B-vs-greedy] game 17250/30000 (total 57250)
  [B-vs-greedy] game 17275/30000 (total 57275)
  [B-vs-greedy] game 17300/30000 (total 57300)
  [B-vs-greedy] game 17325/30000 (total 57325)
  [B-vs-greedy] game 17350/30000 (total 57350)
  [B-vs-greedy] game 17375/30000 (total 57375)
  [B-vs-greedy] game 17400/30000 (total 57400)
  [B-vs-greedy] game 17425/30000 (total 57425)
  [B-vs-greedy] game 17450/30000 (total 57450)
  [B-vs-greedy] game 17475/30000 (total 57475)
  [B-vs-greedy] game 17500/30000 (total 57500)
  [B-vs-greedy] game 17525/30000 (total 57525)
  [B-vs-greedy] game 17550/30000 (total 57550)
  [B-vs-greedy] game 17575/30000 (total 57575)
  [B-vs-greedy] game 17600/30000 (total 57600)
  [B-vs-greedy] game 17625/30000 (total 57625)
  [B-vs-greedy] game 17650/30000 (total 57650)
  [B-vs-greedy] game 17675/30000 (total 57675)
  [B-vs-greedy] game 17700/30000 (total 57700)
  [B-vs-greedy] game 17725/30000 (total 57725)
  [B-vs-greedy] game 17750/30000 (total 57750)
  [B-vs-greedy] game 17775/30000 (total 57775)
  [B-vs-greedy] game 17800/30000 (total 57800)
  [B-vs-greedy] game 17825/30000 (total 57825)
  [B-vs-greedy] game 17850/30000 (total 57850)
  [B-vs-greedy] game 17875/30000 (total 57875)
  [B-vs-greedy] game 17900/30000 (total 57900)
  [B-vs-greedy] game 17925/30000 (total 57925)
  [B-vs-greedy] game 17950/30000 (total 57950)
  [B-vs-greedy] game 17975/30000 (total 57975)
  [B-vs-greedy] game 18000/30000 (total 58000)
  eval@58000: 100.0% vs random
  [B-vs-greedy] game 18025/30000 (total 58025)
  [B-vs-greedy] game 18050/30000 (total 58050)
  [B-vs-greedy] game 18075/30000 (total 58075)
  [B-vs-greedy] game 18100/30000 (total 58100)
  [B-vs-greedy] game 18125/30000 (total 58125)
  [B-vs-greedy] game 18150/30000 (total 58150)
  [B-vs-greedy] game 18175/30000 (total 58175)
  [B-vs-greedy] game 18200/30000 (total 58200)
  [B-vs-greedy] game 18225/30000 (total 58225)
  [B-vs-greedy] game 18250/30000 (total 58250)
  [B-vs-greedy] game 18275/30000 (total 58275)
  [B-vs-greedy] game 18300/30000 (total 58300)
  [B-vs-greedy] game 18325/30000 (total 58325)
  [B-vs-greedy] game 18350/30000 (total 58350)
  [B-vs-greedy] game 18375/30000 (total 58375)
  [B-vs-greedy] game 18400/30000 (total 58400)
  [B-vs-greedy] game 18425/30000 (total 58425)
  [B-vs-greedy] game 18450/30000 (total 58450)
  [B-vs-greedy] game 18475/30000 (total 58475)
  [B-vs-greedy] game 18500/30000 (total 58500)
  [B-vs-greedy] game 18525/30000 (total 58525)
  [B-vs-greedy] game 18550/30000 (total 58550)
  [B-vs-greedy] game 18575/30000 (total 58575)
  [B-vs-greedy] game 18600/30000 (total 58600)
  [B-vs-greedy] game 18625/30000 (total 58625)
  [B-vs-greedy] game 18650/30000 (total 58650)
  [B-vs-greedy] game 18675/30000 (total 58675)
  [B-vs-greedy] game 18700/30000 (total 58700)
  [B-vs-greedy] game 18725/30000 (total 58725)
  [B-vs-greedy] game 18750/30000 (total 58750)
  [B-vs-greedy] game 18775/30000 (total 58775)
  [B-vs-greedy] game 18800/30000 (total 58800)
  [B-vs-greedy] game 18825/30000 (total 58825)
  [B-vs-greedy] game 18850/30000 (total 58850)
  [B-vs-greedy] game 18875/30000 (total 58875)
  [B-vs-greedy] game 18900/30000 (total 58900)
  [B-vs-greedy] game 18925/30000 (total 58925)
  [B-vs-greedy] game 18950/30000 (total 58950)
  [B-vs-greedy] game 18975/30000 (total 58975)
  [B-vs-greedy] game 19000/30000 (total 59000)
  [B-vs-greedy] game 19025/30000 (total 59025)
  [B-vs-greedy] game 19050/30000 (total 59050)
  [B-vs-greedy] game 19075/30000 (total 59075)
  [B-vs-greedy] game 19100/30000 (total 59100)
  [B-vs-greedy] game 19125/30000 (total 59125)
  [B-vs-greedy] game 19150/30000 (total 59150)
  [B-vs-greedy] game 19175/30000 (total 59175)
  [B-vs-greedy] game 19200/30000 (total 59200)
  [B-vs-greedy] game 19225/30000 (total 59225)
  [B-vs-greedy] game 19250/30000 (total 59250)
  [B-vs-greedy] game 19275/30000 (total 59275)
  [B-vs-greedy] game 19300/30000 (total 59300)
  [B-vs-greedy] game 19325/30000 (total 59325)
  [B-vs-greedy] game 19350/30000 (total 59350)
  [B-vs-greedy] game 19375/30000 (total 59375)
  [B-vs-greedy] game 19400/30000 (total 59400)
  [B-vs-greedy] game 19425/30000 (total 59425)
  [B-vs-greedy] game 19450/30000 (total 59450)
  [B-vs-greedy] game 19475/30000 (total 59475)
  [B-vs-greedy] game 19500/30000 (total 59500)
  [B-vs-greedy] game 19525/30000 (total 59525)
  [B-vs-greedy] game 19550/30000 (total 59550)
  [B-vs-greedy] game 19575/30000 (total 59575)
  [B-vs-greedy] game 19600/30000 (total 59600)
  [B-vs-greedy] game 19625/30000 (total 59625)
  [B-vs-greedy] game 19650/30000 (total 59650)
  [B-vs-greedy] game 19675/30000 (total 59675)
  [B-vs-greedy] game 19700/30000 (total 59700)
  [B-vs-greedy] game 19725/30000 (total 59725)
  [B-vs-greedy] game 19750/30000 (total 59750)
  [B-vs-greedy] game 19775/30000 (total 59775)
  [B-vs-greedy] game 19800/30000 (total 59800)
  [B-vs-greedy] game 19825/30000 (total 59825)
  [B-vs-greedy] game 19850/30000 (total 59850)
  [B-vs-greedy] game 19875/30000 (total 59875)
  [B-vs-greedy] game 19900/30000 (total 59900)
  [B-vs-greedy] game 19925/30000 (total 59925)
  [B-vs-greedy] game 19950/30000 (total 59950)
  [B-vs-greedy] game 19975/30000 (total 59975)
  [B-vs-greedy] game 20000/30000 (total 60000)
  eval@60000: 97.5% vs random
  [B-vs-greedy] game 20025/30000 (total 60025)
  [B-vs-greedy] game 20050/30000 (total 60050)
  [B-vs-greedy] game 20075/30000 (total 60075)
  [B-vs-greedy] game 20100/30000 (total 60100)
  [B-vs-greedy] game 20125/30000 (total 60125)
  [B-vs-greedy] game 20150/30000 (total 60150)
  [B-vs-greedy] game 20175/30000 (total 60175)
  [B-vs-greedy] game 20200/30000 (total 60200)
  [B-vs-greedy] game 20225/30000 (total 60225)
  [B-vs-greedy] game 20250/30000 (total 60250)
  [B-vs-greedy] game 20275/30000 (total 60275)
  [B-vs-greedy] game 20300/30000 (total 60300)
  [B-vs-greedy] game 20325/30000 (total 60325)
  [B-vs-greedy] game 20350/30000 (total 60350)
  [B-vs-greedy] game 20375/30000 (total 60375)
  [B-vs-greedy] game 20400/30000 (total 60400)
  [B-vs-greedy] game 20425/30000 (total 60425)
  [B-vs-greedy] game 20450/30000 (total 60450)
  [B-vs-greedy] game 20475/30000 (total 60475)
  [B-vs-greedy] game 20500/30000 (total 60500)
  [B-vs-greedy] game 20525/30000 (total 60525)
  [B-vs-greedy] game 20550/30000 (total 60550)
  [B-vs-greedy] game 20575/30000 (total 60575)
  [B-vs-greedy] game 20600/30000 (total 60600)
  [B-vs-greedy] game 20625/30000 (total 60625)
  [B-vs-greedy] game 20650/30000 (total 60650)
  [B-vs-greedy] game 20675/30000 (total 60675)
  [B-vs-greedy] game 20700/30000 (total 60700)
  [B-vs-greedy] game 20725/30000 (total 60725)
  [B-vs-greedy] game 20750/30000 (total 60750)
  [B-vs-greedy] game 20775/30000 (total 60775)
  [B-vs-greedy] game 20800/30000 (total 60800)
  [B-vs-greedy] game 20825/30000 (total 60825)
  [B-vs-greedy] game 20850/30000 (total 60850)
  [B-vs-greedy] game 20875/30000 (total 60875)
  [B-vs-greedy] game 20900/30000 (total 60900)
  [B-vs-greedy] game 20925/30000 (total 60925)
  [B-vs-greedy] game 20950/30000 (total 60950)
  [B-vs-greedy] game 20975/30000 (total 60975)
  [B-vs-greedy] game 21000/30000 (total 61000)
  [B-vs-greedy] game 21025/30000 (total 61025)
  [B-vs-greedy] game 21050/30000 (total 61050)
  [B-vs-greedy] game 21075/30000 (total 61075)
  [B-vs-greedy] game 21100/30000 (total 61100)
  [B-vs-greedy] game 21125/30000 (total 61125)
  [B-vs-greedy] game 21150/30000 (total 61150)
  [B-vs-greedy] game 21175/30000 (total 61175)
  [B-vs-greedy] game 21200/30000 (total 61200)
  [B-vs-greedy] game 21225/30000 (total 61225)
  [B-vs-greedy] game 21250/30000 (total 61250)
  [B-vs-greedy] game 21275/30000 (total 61275)
  [B-vs-greedy] game 21300/30000 (total 61300)
  [B-vs-greedy] game 21325/30000 (total 61325)
  [B-vs-greedy] game 21350/30000 (total 61350)
  [B-vs-greedy] game 21375/30000 (total 61375)
  [B-vs-greedy] game 21400/30000 (total 61400)
  [B-vs-greedy] game 21425/30000 (total 61425)
  [B-vs-greedy] game 21450/30000 (total 61450)
  [B-vs-greedy] game 21475/30000 (total 61475)
  [B-vs-greedy] game 21500/30000 (total 61500)
  [B-vs-greedy] game 21525/30000 (total 61525)
  [B-vs-greedy] game 21550/30000 (total 61550)
  [B-vs-greedy] game 21575/30000 (total 61575)
  [B-vs-greedy] game 21600/30000 (total 61600)
  [B-vs-greedy] game 21625/30000 (total 61625)
  [B-vs-greedy] game 21650/30000 (total 61650)
  [B-vs-greedy] game 21675/30000 (total 61675)
  [B-vs-greedy] game 21700/30000 (total 61700)
  [B-vs-greedy] game 21725/30000 (total 61725)
  [B-vs-greedy] game 21750/30000 (total 61750)
  [B-vs-greedy] game 21775/30000 (total 61775)
  [B-vs-greedy] game 21800/30000 (total 61800)
  [B-vs-greedy] game 21825/30000 (total 61825)
  [B-vs-greedy] game 21850/30000 (total 61850)
  [B-vs-greedy] game 21875/30000 (total 61875)
  [B-vs-greedy] game 21900/30000 (total 61900)
  [B-vs-greedy] game 21925/30000 (total 61925)
  [B-vs-greedy] game 21950/30000 (total 61950)
  [B-vs-greedy] game 21975/30000 (total 61975)
  [B-vs-greedy] game 22000/30000 (total 62000)
  eval@62000: 95.0% vs random
  [B-vs-greedy] game 22025/30000 (total 62025)
  [B-vs-greedy] game 22050/30000 (total 62050)
  [B-vs-greedy] game 22075/30000 (total 62075)
  [B-vs-greedy] game 22100/30000 (total 62100)
  [B-vs-greedy] game 22125/30000 (total 62125)
  [B-vs-greedy] game 22150/30000 (total 62150)
  [B-vs-greedy] game 22175/30000 (total 62175)
  [B-vs-greedy] game 22200/30000 (total 62200)
  [B-vs-greedy] game 22225/30000 (total 62225)
  [B-vs-greedy] game 22250/30000 (total 62250)
  [B-vs-greedy] game 22275/30000 (total 62275)
  [B-vs-greedy] game 22300/30000 (total 62300)
  [B-vs-greedy] game 22325/30000 (total 62325)
  [B-vs-greedy] game 22350/30000 (total 62350)
  [B-vs-greedy] game 22375/30000 (total 62375)
  [B-vs-greedy] game 22400/30000 (total 62400)
  [B-vs-greedy] game 22425/30000 (total 62425)
  [B-vs-greedy] game 22450/30000 (total 62450)
  [B-vs-greedy] game 22475/30000 (total 62475)
  [B-vs-greedy] game 22500/30000 (total 62500)
  [B-vs-greedy] game 22525/30000 (total 62525)
  [B-vs-greedy] game 22550/30000 (total 62550)
  [B-vs-greedy] game 22575/30000 (total 62575)
  [B-vs-greedy] game 22600/30000 (total 62600)
  [B-vs-greedy] game 22625/30000 (total 62625)
  [B-vs-greedy] game 22650/30000 (total 62650)
  [B-vs-greedy] game 22675/30000 (total 62675)
  [B-vs-greedy] game 22700/30000 (total 62700)
  [B-vs-greedy] game 22725/30000 (total 62725)
  [B-vs-greedy] game 22750/30000 (total 62750)
  [B-vs-greedy] game 22775/30000 (total 62775)
  [B-vs-greedy] game 22800/30000 (total 62800)
  [B-vs-greedy] game 22825/30000 (total 62825)
  [B-vs-greedy] game 22850/30000 (total 62850)
  [B-vs-greedy] game 22875/30000 (total 62875)
  [B-vs-greedy] game 22900/30000 (total 62900)
  [B-vs-greedy] game 22925/30000 (total 62925)
  [B-vs-greedy] game 22950/30000 (total 62950)
  [B-vs-greedy] game 22975/30000 (total 62975)
  [B-vs-greedy] game 23000/30000 (total 63000)
  [B-vs-greedy] game 23025/30000 (total 63025)
  [B-vs-greedy] game 23050/30000 (total 63050)
  [B-vs-greedy] game 23075/30000 (total 63075)
  [B-vs-greedy] game 23100/30000 (total 63100)
  [B-vs-greedy] game 23125/30000 (total 63125)
  [B-vs-greedy] game 23150/30000 (total 63150)
  [B-vs-greedy] game 23175/30000 (total 63175)
  [B-vs-greedy] game 23200/30000 (total 63200)
  [B-vs-greedy] game 23225/30000 (total 63225)
  [B-vs-greedy] game 23250/30000 (total 63250)
  [B-vs-greedy] game 23275/30000 (total 63275)
  [B-vs-greedy] game 23300/30000 (total 63300)
  [B-vs-greedy] game 23325/30000 (total 63325)
  [B-vs-greedy] game 23350/30000 (total 63350)
  [B-vs-greedy] game 23375/30000 (total 63375)
  [B-vs-greedy] game 23400/30000 (total 63400)
  [B-vs-greedy] game 23425/30000 (total 63425)
  [B-vs-greedy] game 23450/30000 (total 63450)
  [B-vs-greedy] game 23475/30000 (total 63475)
  [B-vs-greedy] game 23500/30000 (total 63500)
  [B-vs-greedy] game 23525/30000 (total 63525)
  [B-vs-greedy] game 23550/30000 (total 63550)
  [B-vs-greedy] game 23575/30000 (total 63575)
  [B-vs-greedy] game 23600/30000 (total 63600)
  [B-vs-greedy] game 23625/30000 (total 63625)
  [B-vs-greedy] game 23650/30000 (total 63650)
  [B-vs-greedy] game 23675/30000 (total 63675)
  [B-vs-greedy] game 23700/30000 (total 63700)
  [B-vs-greedy] game 23725/30000 (total 63725)
  [B-vs-greedy] game 23750/30000 (total 63750)
  [B-vs-greedy] game 23775/30000 (total 63775)
  [B-vs-greedy] game 23800/30000 (total 63800)
  [B-vs-greedy] game 23825/30000 (total 63825)
  [B-vs-greedy] game 23850/30000 (total 63850)
  [B-vs-greedy] game 23875/30000 (total 63875)
  [B-vs-greedy] game 23900/30000 (total 63900)
  [B-vs-greedy] game 23925/30000 (total 63925)
  [B-vs-greedy] game 23950/30000 (total 63950)
  [B-vs-greedy] game 23975/30000 (total 63975)
  [B-vs-greedy] game 24000/30000 (total 64000)
  eval@64000: 97.5% vs random
  [B-vs-greedy] game 24025/30000 (total 64025)
  [B-vs-greedy] game 24050/30000 (total 64050)
  [B-vs-greedy] game 24075/30000 (total 64075)
  [B-vs-greedy] game 24100/30000 (total 64100)
  [B-vs-greedy] game 24125/30000 (total 64125)
  [B-vs-greedy] game 24150/30000 (total 64150)
  [B-vs-greedy] game 24175/30000 (total 64175)
  [B-vs-greedy] game 24200/30000 (total 64200)
  [B-vs-greedy] game 24225/30000 (total 64225)
  [B-vs-greedy] game 24250/30000 (total 64250)
  [B-vs-greedy] game 24275/30000 (total 64275)
  [B-vs-greedy] game 24300/30000 (total 64300)
  [B-vs-greedy] game 24325/30000 (total 64325)
  [B-vs-greedy] game 24350/30000 (total 64350)
  [B-vs-greedy] game 24375/30000 (total 64375)
  [B-vs-greedy] game 24400/30000 (total 64400)
  [B-vs-greedy] game 24425/30000 (total 64425)
  [B-vs-greedy] game 24450/30000 (total 64450)
  [B-vs-greedy] game 24475/30000 (total 64475)
  [B-vs-greedy] game 24500/30000 (total 64500)
  [B-vs-greedy] game 24525/30000 (total 64525)
  [B-vs-greedy] game 24550/30000 (total 64550)
  [B-vs-greedy] game 24575/30000 (total 64575)
  [B-vs-greedy] game 24600/30000 (total 64600)
  [B-vs-greedy] game 24625/30000 (total 64625)
  [B-vs-greedy] game 24650/30000 (total 64650)
  [B-vs-greedy] game 24675/30000 (total 64675)
  [B-vs-greedy] game 24700/30000 (total 64700)
  [B-vs-greedy] game 24725/30000 (total 64725)
  [B-vs-greedy] game 24750/30000 (total 64750)
  [B-vs-greedy] game 24775/30000 (total 64775)
  [B-vs-greedy] game 24800/30000 (total 64800)
  [B-vs-greedy] game 24825/30000 (total 64825)
  [B-vs-greedy] game 24850/30000 (total 64850)
  [B-vs-greedy] game 24875/30000 (total 64875)
  [B-vs-greedy] game 24900/30000 (total 64900)
  [B-vs-greedy] game 24925/30000 (total 64925)
  [B-vs-greedy] game 24950/30000 (total 64950)
  [B-vs-greedy] game 24975/30000 (total 64975)
  [B-vs-greedy] game 25000/30000 (total 65000)
  [B-vs-greedy] game 25025/30000 (total 65025)
  [B-vs-greedy] game 25050/30000 (total 65050)
  [B-vs-greedy] game 25075/30000 (total 65075)
  [B-vs-greedy] game 25100/30000 (total 65100)
  [B-vs-greedy] game 25125/30000 (total 65125)
  [B-vs-greedy] game 25150/30000 (total 65150)
  [B-vs-greedy] game 25175/30000 (total 65175)
  [B-vs-greedy] game 25200/30000 (total 65200)
  [B-vs-greedy] game 25225/30000 (total 65225)
  [B-vs-greedy] game 25250/30000 (total 65250)
  [B-vs-greedy] game 25275/30000 (total 65275)
  [B-vs-greedy] game 25300/30000 (total 65300)
  [B-vs-greedy] game 25325/30000 (total 65325)
  [B-vs-greedy] game 25350/30000 (total 65350)
  [B-vs-greedy] game 25375/30000 (total 65375)
  [B-vs-greedy] game 25400/30000 (total 65400)
  [B-vs-greedy] game 25425/30000 (total 65425)
  [B-vs-greedy] game 25450/30000 (total 65450)
  [B-vs-greedy] game 25475/30000 (total 65475)
  [B-vs-greedy] game 25500/30000 (total 65500)
  [B-vs-greedy] game 25525/30000 (total 65525)
  [B-vs-greedy] game 25550/30000 (total 65550)
  [B-vs-greedy] game 25575/30000 (total 65575)
  [B-vs-greedy] game 25600/30000 (total 65600)
  [B-vs-greedy] game 25625/30000 (total 65625)
  [B-vs-greedy] game 25650/30000 (total 65650)
  [B-vs-greedy] game 25675/30000 (total 65675)
  [B-vs-greedy] game 25700/30000 (total 65700)
  [B-vs-greedy] game 25725/30000 (total 65725)
  [B-vs-greedy] game 25750/30000 (total 65750)
  [B-vs-greedy] game 25775/30000 (total 65775)
  [B-vs-greedy] game 25800/30000 (total 65800)
  [B-vs-greedy] game 25825/30000 (total 65825)
  [B-vs-greedy] game 25850/30000 (total 65850)
  [B-vs-greedy] game 25875/30000 (total 65875)
  [B-vs-greedy] game 25900/30000 (total 65900)
  [B-vs-greedy] game 25925/30000 (total 65925)
  [B-vs-greedy] game 25950/30000 (total 65950)
  [B-vs-greedy] game 25975/30000 (total 65975)
  [B-vs-greedy] game 26000/30000 (total 66000)
  eval@66000: 100.0% vs random
  [B-vs-greedy] game 26025/30000 (total 66025)
  [B-vs-greedy] game 26050/30000 (total 66050)
  [B-vs-greedy] game 26075/30000 (total 66075)
  [B-vs-greedy] game 26100/30000 (total 66100)
  [B-vs-greedy] game 26125/30000 (total 66125)
  [B-vs-greedy] game 26150/30000 (total 66150)
  [B-vs-greedy] game 26175/30000 (total 66175)
  [B-vs-greedy] game 26200/30000 (total 66200)
  [B-vs-greedy] game 26225/30000 (total 66225)
  [B-vs-greedy] game 26250/30000 (total 66250)
  [B-vs-greedy] game 26275/30000 (total 66275)
  [B-vs-greedy] game 26300/30000 (total 66300)
  [B-vs-greedy] game 26325/30000 (total 66325)
  [B-vs-greedy] game 26350/30000 (total 66350)
  [B-vs-greedy] game 26375/30000 (total 66375)
  [B-vs-greedy] game 26400/30000 (total 66400)
  [B-vs-greedy] game 26425/30000 (total 66425)
  [B-vs-greedy] game 26450/30000 (total 66450)
  [B-vs-greedy] game 26475/30000 (total 66475)
  [B-vs-greedy] game 26500/30000 (total 66500)
  [B-vs-greedy] game 26525/30000 (total 66525)
  [B-vs-greedy] game 26550/30000 (total 66550)
  [B-vs-greedy] game 26575/30000 (total 66575)
  [B-vs-greedy] game 26600/30000 (total 66600)
  [B-vs-greedy] game 26625/30000 (total 66625)
  [B-vs-greedy] game 26650/30000 (total 66650)
  [B-vs-greedy] game 26675/30000 (total 66675)
  [B-vs-greedy] game 26700/30000 (total 66700)
  [B-vs-greedy] game 26725/30000 (total 66725)
  [B-vs-greedy] game 26750/30000 (total 66750)
  [B-vs-greedy] game 26775/30000 (total 66775)
  [B-vs-greedy] game 26800/30000 (total 66800)
  [B-vs-greedy] game 26825/30000 (total 66825)
  [B-vs-greedy] game 26850/30000 (total 66850)
  [B-vs-greedy] game 26875/30000 (total 66875)
  [B-vs-greedy] game 26900/30000 (total 66900)
  [B-vs-greedy] game 26925/30000 (total 66925)
  [B-vs-greedy] game 26950/30000 (total 66950)
  [B-vs-greedy] game 26975/30000 (total 66975)
  [B-vs-greedy] game 27000/30000 (total 67000)
  [B-vs-greedy] game 27025/30000 (total 67025)
  [B-vs-greedy] game 27050/30000 (total 67050)
  [B-vs-greedy] game 27075/30000 (total 67075)
  [B-vs-greedy] game 27100/30000 (total 67100)
  [B-vs-greedy] game 27125/30000 (total 67125)
  [B-vs-greedy] game 27150/30000 (total 67150)
  [B-vs-greedy] game 27175/30000 (total 67175)
  [B-vs-greedy] game 27200/30000 (total 67200)
  [B-vs-greedy] game 27225/30000 (total 67225)
  [B-vs-greedy] game 27250/30000 (total 67250)
  [B-vs-greedy] game 27275/30000 (total 67275)
  [B-vs-greedy] game 27300/30000 (total 67300)
  [B-vs-greedy] game 27325/30000 (total 67325)
  [B-vs-greedy] game 27350/30000 (total 67350)
  [B-vs-greedy] game 27375/30000 (total 67375)
  [B-vs-greedy] game 27400/30000 (total 67400)
  [B-vs-greedy] game 27425/30000 (total 67425)
  [B-vs-greedy] game 27450/30000 (total 67450)
  [B-vs-greedy] game 27475/30000 (total 67475)
  [B-vs-greedy] game 27500/30000 (total 67500)
  [B-vs-greedy] game 27525/30000 (total 67525)
  [B-vs-greedy] game 27550/30000 (total 67550)
  [B-vs-greedy] game 27575/30000 (total 67575)
  [B-vs-greedy] game 27600/30000 (total 67600)
  [B-vs-greedy] game 27625/30000 (total 67625)
  [B-vs-greedy] game 27650/30000 (total 67650)
  [B-vs-greedy] game 27675/30000 (total 67675)
  [B-vs-greedy] game 27700/30000 (total 67700)
  [B-vs-greedy] game 27725/30000 (total 67725)
  [B-vs-greedy] game 27750/30000 (total 67750)
  [B-vs-greedy] game 27775/30000 (total 67775)
  [B-vs-greedy] game 27800/30000 (total 67800)
  [B-vs-greedy] game 27825/30000 (total 67825)
  [B-vs-greedy] game 27850/30000 (total 67850)
  [B-vs-greedy] game 27875/30000 (total 67875)
  [B-vs-greedy] game 27900/30000 (total 67900)
  [B-vs-greedy] game 27925/30000 (total 67925)
  [B-vs-greedy] game 27950/30000 (total 67950)
  [B-vs-greedy] game 27975/30000 (total 67975)
  [B-vs-greedy] game 28000/30000 (total 68000)
  eval@68000: 97.5% vs random
  [B-vs-greedy] game 28025/30000 (total 68025)
  [B-vs-greedy] game 28050/30000 (total 68050)
  [B-vs-greedy] game 28075/30000 (total 68075)
  [B-vs-greedy] game 28100/30000 (total 68100)
  [B-vs-greedy] game 28125/30000 (total 68125)
  [B-vs-greedy] game 28150/30000 (total 68150)
  [B-vs-greedy] game 28175/30000 (total 68175)
  [B-vs-greedy] game 28200/30000 (total 68200)
  [B-vs-greedy] game 28225/30000 (total 68225)
  [B-vs-greedy] game 28250/30000 (total 68250)
  [B-vs-greedy] game 28275/30000 (total 68275)
  [B-vs-greedy] game 28300/30000 (total 68300)
  [B-vs-greedy] game 28325/30000 (total 68325)
  [B-vs-greedy] game 28350/30000 (total 68350)
  [B-vs-greedy] game 28375/30000 (total 68375)
  [B-vs-greedy] game 28400/30000 (total 68400)
  [B-vs-greedy] game 28425/30000 (total 68425)
  [B-vs-greedy] game 28450/30000 (total 68450)
  [B-vs-greedy] game 28475/30000 (total 68475)
  [B-vs-greedy] game 28500/30000 (total 68500)
  [B-vs-greedy] game 28525/30000 (total 68525)
  [B-vs-greedy] game 28550/30000 (total 68550)
  [B-vs-greedy] game 28575/30000 (total 68575)
  [B-vs-greedy] game 28600/30000 (total 68600)
  [B-vs-greedy] game 28625/30000 (total 68625)
  [B-vs-greedy] game 28650/30000 (total 68650)
  [B-vs-greedy] game 28675/30000 (total 68675)
  [B-vs-greedy] game 28700/30000 (total 68700)
  [B-vs-greedy] game 28725/30000 (total 68725)
  [B-vs-greedy] game 28750/30000 (total 68750)
  [B-vs-greedy] game 28775/30000 (total 68775)
  [B-vs-greedy] game 28800/30000 (total 68800)
  [B-vs-greedy] game 28825/30000 (total 68825)
  [B-vs-greedy] game 28850/30000 (total 68850)
  [B-vs-greedy] game 28875/30000 (total 68875)
  [B-vs-greedy] game 28900/30000 (total 68900)
  [B-vs-greedy] game 28925/30000 (total 68925)
  [B-vs-greedy] game 28950/30000 (total 68950)
  [B-vs-greedy] game 28975/30000 (total 68975)
  [B-vs-greedy] game 29000/30000 (total 69000)
  [B-vs-greedy] game 29025/30000 (total 69025)
  [B-vs-greedy] game 29050/30000 (total 69050)
  [B-vs-greedy] game 29075/30000 (total 69075)
  [B-vs-greedy] game 29100/30000 (total 69100)
  [B-vs-greedy] game 29125/30000 (total 69125)
  [B-vs-greedy] game 29150/30000 (total 69150)
  [B-vs-greedy] game 29175/30000 (total 69175)
  [B-vs-greedy] game 29200/30000 (total 69200)
  [B-vs-greedy] game 29225/30000 (total 69225)
  [B-vs-greedy] game 29250/30000 (total 69250)
  [B-vs-greedy] game 29275/30000 (total 69275)
  [B-vs-greedy] game 29300/30000 (total 69300)
  [B-vs-greedy] game 29325/30000 (total 69325)
  [B-vs-greedy] game 29350/30000 (total 69350)
  [B-vs-greedy] game 29375/30000 (total 69375)
  [B-vs-greedy] game 29400/30000 (total 69400)
  [B-vs-greedy] game 29425/30000 (total 69425)
  [B-vs-greedy] game 29450/30000 (total 69450)
  [B-vs-greedy] game 29475/30000 (total 69475)
  [B-vs-greedy] game 29500/30000 (total 69500)
  [B-vs-greedy] game 29525/30000 (total 69525)
  [B-vs-greedy] game 29550/30000 (total 69550)
  [B-vs-greedy] game 29575/30000 (total 69575)
  [B-vs-greedy] game 29600/30000 (total 69600)
  [B-vs-greedy] game 29625/30000 (total 69625)
  [B-vs-greedy] game 29650/30000 (total 69650)
  [B-vs-greedy] game 29675/30000 (total 69675)
  [B-vs-greedy] game 29700/30000 (total 69700)
  [B-vs-greedy] game 29725/30000 (total 69725)
  [B-vs-greedy] game 29750/30000 (total 69750)
  [B-vs-greedy] game 29775/30000 (total 69775)
  [B-vs-greedy] game 29800/30000 (total 69800)
  [B-vs-greedy] game 29825/30000 (total 69825)
  [B-vs-greedy] game 29850/30000 (total 69850)
  [B-vs-greedy] game 29875/30000 (total 69875)
  [B-vs-greedy] game 29900/30000 (total 69900)
  [B-vs-greedy] game 29925/30000 (total 69925)
  [B-vs-greedy] game 29950/30000 (total 69950)
  [B-vs-greedy] game 29975/30000 (total 69975)
  [B-vs-greedy] game 30000/30000 (total 70000)
  eval@70000: 97.5% vs random
  [C-selfplay] game 25/30000 (total 70025)
  [C-selfplay] game 50/30000 (total 70050)
  [C-selfplay] game 75/30000 (total 70075)
  [C-selfplay] game 100/30000 (total 70100)
  [C-selfplay] game 125/30000 (total 70125)
  [C-selfplay] game 150/30000 (total 70150)
  [C-selfplay] game 175/30000 (total 70175)
  [C-selfplay] game 200/30000 (total 70200)
  [C-selfplay] game 225/30000 (total 70225)
  [C-selfplay] game 250/30000 (total 70250)
  [C-selfplay] game 275/30000 (total 70275)
  [C-selfplay] game 300/30000 (total 70300)
  [C-selfplay] game 325/30000 (total 70325)
  [C-selfplay] game 350/30000 (total 70350)
  [C-selfplay] game 375/30000 (total 70375)
  [C-selfplay] game 400/30000 (total 70400)
  [C-selfplay] game 425/30000 (total 70425)
  [C-selfplay] game 450/30000 (total 70450)
  [C-selfplay] game 475/30000 (total 70475)
  [C-selfplay] game 500/30000 (total 70500)
  [C-selfplay] game 525/30000 (total 70525)
  [C-selfplay] game 550/30000 (total 70550)
  [C-selfplay] game 575/30000 (total 70575)
  [C-selfplay] game 600/30000 (total 70600)
  [C-selfplay] game 625/30000 (total 70625)
  [C-selfplay] game 650/30000 (total 70650)
  [C-selfplay] game 675/30000 (total 70675)
  [C-selfplay] game 700/30000 (total 70700)
  [C-selfplay] game 725/30000 (total 70725)
  [C-selfplay] game 750/30000 (total 70750)
  [C-selfplay] game 775/30000 (total 70775)
  [C-selfplay] game 800/30000 (total 70800)
  [C-selfplay] game 825/30000 (total 70825)
  [C-selfplay] game 850/30000 (total 70850)
  [C-selfplay] game 875/30000 (total 70875)
  [C-selfplay] game 900/30000 (total 70900)
  [C-selfplay] game 925/30000 (total 70925)
  [C-selfplay] game 950/30000 (total 70950)
  [C-selfplay] game 975/30000 (total 70975)
  [C-selfplay] game 1000/30000 (total 71000)
  [C-selfplay] game 1025/30000 (total 71025)
  [C-selfplay] game 1050/30000 (total 71050)
  [C-selfplay] game 1075/30000 (total 71075)
  [C-selfplay] game 1100/30000 (total 71100)
  [C-selfplay] game 1125/30000 (total 71125)
  [C-selfplay] game 1150/30000 (total 71150)
  [C-selfplay] game 1175/30000 (total 71175)
  [C-selfplay] game 1200/30000 (total 71200)
  [C-selfplay] game 1225/30000 (total 71225)
  [C-selfplay] game 1250/30000 (total 71250)
  [C-selfplay] game 1275/30000 (total 71275)
  [C-selfplay] game 1300/30000 (total 71300)
  [C-selfplay] game 1325/30000 (total 71325)
  [C-selfplay] game 1350/30000 (total 71350)
  [C-selfplay] game 1375/30000 (total 71375)
  [C-selfplay] game 1400/30000 (total 71400)
  [C-selfplay] game 1425/30000 (total 71425)
  [C-selfplay] game 1450/30000 (total 71450)
  [C-selfplay] game 1475/30000 (total 71475)
  [C-selfplay] game 1500/30000 (total 71500)
  [C-selfplay] game 1525/30000 (total 71525)
  [C-selfplay] game 1550/30000 (total 71550)
  [C-selfplay] game 1575/30000 (total 71575)
  [C-selfplay] game 1600/30000 (total 71600)
  [C-selfplay] game 1625/30000 (total 71625)
  [C-selfplay] game 1650/30000 (total 71650)
  [C-selfplay] game 1675/30000 (total 71675)
  [C-selfplay] game 1700/30000 (total 71700)
  [C-selfplay] game 1725/30000 (total 71725)
  [C-selfplay] game 1750/30000 (total 71750)
  [C-selfplay] game 1775/30000 (total 71775)
  [C-selfplay] game 1800/30000 (total 71800)
  [C-selfplay] game 1825/30000 (total 71825)
  [C-selfplay] game 1850/30000 (total 71850)
  [C-selfplay] game 1875/30000 (total 71875)
  [C-selfplay] game 1900/30000 (total 71900)
  [C-selfplay] game 1925/30000 (total 71925)
  [C-selfplay] game 1950/30000 (total 71950)
  [C-selfplay] game 1975/30000 (total 71975)
  [C-selfplay] game 2000/30000 (total 72000)
  eval@72000: 100.0% vs random
  [C-selfplay] game 2025/30000 (total 72025)
  [C-selfplay] game 2050/30000 (total 72050)
  [C-selfplay] game 2075/30000 (total 72075)
  [C-selfplay] game 2100/30000 (total 72100)
  [C-selfplay] game 2125/30000 (total 72125)
  [C-selfplay] game 2150/30000 (total 72150)
  [C-selfplay] game 2175/30000 (total 72175)
  [C-selfplay] game 2200/30000 (total 72200)
  [C-selfplay] game 2225/30000 (total 72225)
  [C-selfplay] game 2250/30000 (total 72250)
  [C-selfplay] game 2275/30000 (total 72275)
  [C-selfplay] game 2300/30000 (total 72300)
  [C-selfplay] game 2325/30000 (total 72325)
  [C-selfplay] game 2350/30000 (total 72350)
  [C-selfplay] game 2375/30000 (total 72375)
  [C-selfplay] game 2400/30000 (total 72400)
  [C-selfplay] game 2425/30000 (total 72425)
  [C-selfplay] game 2450/30000 (total 72450)
  [C-selfplay] game 2475/30000 (total 72475)
  [C-selfplay] game 2500/30000 (total 72500)
  [C-selfplay] game 2525/30000 (total 72525)
  [C-selfplay] game 2550/30000 (total 72550)
  [C-selfplay] game 2575/30000 (total 72575)
  [C-selfplay] game 2600/30000 (total 72600)
  [C-selfplay] game 2625/30000 (total 72625)
  [C-selfplay] game 2650/30000 (total 72650)
  [C-selfplay] game 2675/30000 (total 72675)
  [C-selfplay] game 2700/30000 (total 72700)
  [C-selfplay] game 2725/30000 (total 72725)
  [C-selfplay] game 2750/30000 (total 72750)
  [C-selfplay] game 2775/30000 (total 72775)
  [C-selfplay] game 2800/30000 (total 72800)
  [C-selfplay] game 2825/30000 (total 72825)
  [C-selfplay] game 2850/30000 (total 72850)
  [C-selfplay] game 2875/30000 (total 72875)
  [C-selfplay] game 2900/30000 (total 72900)
  [C-selfplay] game 2925/30000 (total 72925)
  [C-selfplay] game 2950/30000 (total 72950)
  [C-selfplay] game 2975/30000 (total 72975)
  [C-selfplay] game 3000/30000 (total 73000)
  [C-selfplay] game 3025/30000 (total 73025)
  [C-selfplay] game 3050/30000 (total 73050)
  [C-selfplay] game 3075/30000 (total 73075)
  [C-selfplay] game 3100/30000 (total 73100)
  [C-selfplay] game 3125/30000 (total 73125)
  [C-selfplay] game 3150/30000 (total 73150)
  [C-selfplay] game 3175/30000 (total 73175)
  [C-selfplay] game 3200/30000 (total 73200)
  [C-selfplay] game 3225/30000 (total 73225)
  [C-selfplay] game 3250/30000 (total 73250)
  [C-selfplay] game 3275/30000 (total 73275)
  [C-selfplay] game 3300/30000 (total 73300)
  [C-selfplay] game 3325/30000 (total 73325)
  [C-selfplay] game 3350/30000 (total 73350)
  [C-selfplay] game 3375/30000 (total 73375)
  [C-selfplay] game 3400/30000 (total 73400)
  [C-selfplay] game 3425/30000 (total 73425)
  [C-selfplay] game 3450/30000 (total 73450)
  [C-selfplay] game 3475/30000 (total 73475)
  [C-selfplay] game 3500/30000 (total 73500)
  [C-selfplay] game 3525/30000 (total 73525)
  [C-selfplay] game 3550/30000 (total 73550)
  [C-selfplay] game 3575/30000 (total 73575)
  [C-selfplay] game 3600/30000 (total 73600)
  [C-selfplay] game 3625/30000 (total 73625)
  [C-selfplay] game 3650/30000 (total 73650)
  [C-selfplay] game 3675/30000 (total 73675)
  [C-selfplay] game 3700/30000 (total 73700)
  [C-selfplay] game 3725/30000 (total 73725)
  [C-selfplay] game 3750/30000 (total 73750)
  [C-selfplay] game 3775/30000 (total 73775)
  [C-selfplay] game 3800/30000 (total 73800)
  [C-selfplay] game 3825/30000 (total 73825)
  [C-selfplay] game 3850/30000 (total 73850)
  [C-selfplay] game 3875/30000 (total 73875)
  [C-selfplay] game 3900/30000 (total 73900)
  [C-selfplay] game 3925/30000 (total 73925)
  [C-selfplay] game 3950/30000 (total 73950)
  [C-selfplay] game 3975/30000 (total 73975)
  [C-selfplay] game 4000/30000 (total 74000)
  eval@74000: 100.0% vs random
  [C-selfplay] game 4025/30000 (total 74025)
  [C-selfplay] game 4050/30000 (total 74050)
  [C-selfplay] game 4075/30000 (total 74075)
  [C-selfplay] game 4100/30000 (total 74100)
  [C-selfplay] game 4125/30000 (total 74125)
  [C-selfplay] game 4150/30000 (total 74150)
  [C-selfplay] game 4175/30000 (total 74175)
  [C-selfplay] game 4200/30000 (total 74200)
  [C-selfplay] game 4225/30000 (total 74225)
  [C-selfplay] game 4250/30000 (total 74250)
  [C-selfplay] game 4275/30000 (total 74275)
  [C-selfplay] game 4300/30000 (total 74300)
  [C-selfplay] game 4325/30000 (total 74325)
  [C-selfplay] game 4350/30000 (total 74350)
  [C-selfplay] game 4375/30000 (total 74375)
  [C-selfplay] game 4400/30000 (total 74400)
  [C-selfplay] game 4425/30000 (total 74425)
  [C-selfplay] game 4450/30000 (total 74450)
  [C-selfplay] game 4475/30000 (total 74475)
  [C-selfplay] game 4500/30000 (total 74500)
  [C-selfplay] game 4525/30000 (total 74525)
  [C-selfplay] game 4550/30000 (total 74550)
  [C-selfplay] game 4575/30000 (total 74575)
  [C-selfplay] game 4600/30000 (total 74600)
  [C-selfplay] game 4625/30000 (total 74625)
  [C-selfplay] game 4650/30000 (total 74650)
  [C-selfplay] game 4675/30000 (total 74675)
  [C-selfplay] game 4700/30000 (total 74700)
  [C-selfplay] game 4725/30000 (total 74725)
  [C-selfplay] game 4750/30000 (total 74750)
  [C-selfplay] game 4775/30000 (total 74775)
  [C-selfplay] game 4800/30000 (total 74800)
  [C-selfplay] game 4825/30000 (total 74825)
  [C-selfplay] game 4850/30000 (total 74850)
  [C-selfplay] game 4875/30000 (total 74875)
  [C-selfplay] game 4900/30000 (total 74900)
  [C-selfplay] game 4925/30000 (total 74925)
  [C-selfplay] game 4950/30000 (total 74950)
  [C-selfplay] game 4975/30000 (total 74975)
  [C-selfplay] game 5000/30000 (total 75000)
  [C-selfplay] game 5025/30000 (total 75025)
  [C-selfplay] game 5050/30000 (total 75050)
  [C-selfplay] game 5075/30000 (total 75075)
  [C-selfplay] game 5100/30000 (total 75100)
  [C-selfplay] game 5125/30000 (total 75125)
  [C-selfplay] game 5150/30000 (total 75150)
  [C-selfplay] game 5175/30000 (total 75175)
  [C-selfplay] game 5200/30000 (total 75200)
  [C-selfplay] game 5225/30000 (total 75225)
  [C-selfplay] game 5250/30000 (total 75250)
  [C-selfplay] game 5275/30000 (total 75275)
  [C-selfplay] game 5300/30000 (total 75300)
  [C-selfplay] game 5325/30000 (total 75325)
  [C-selfplay] game 5350/30000 (total 75350)
  [C-selfplay] game 5375/30000 (total 75375)
  [C-selfplay] game 5400/30000 (total 75400)
  [C-selfplay] game 5425/30000 (total 75425)
  [C-selfplay] game 5450/30000 (total 75450)
  [C-selfplay] game 5475/30000 (total 75475)
  [C-selfplay] game 5500/30000 (total 75500)
  [C-selfplay] game 5525/30000 (total 75525)
  [C-selfplay] game 5550/30000 (total 75550)
  [C-selfplay] game 5575/30000 (total 75575)
  [C-selfplay] game 5600/30000 (total 75600)
  [C-selfplay] game 5625/30000 (total 75625)
  [C-selfplay] game 5650/30000 (total 75650)
  [C-selfplay] game 5675/30000 (total 75675)
  [C-selfplay] game 5700/30000 (total 75700)
  [C-selfplay] game 5725/30000 (total 75725)
  [C-selfplay] game 5750/30000 (total 75750)
  [C-selfplay] game 5775/30000 (total 75775)
  [C-selfplay] game 5800/30000 (total 75800)
  [C-selfplay] game 5825/30000 (total 75825)
  [C-selfplay] game 5850/30000 (total 75850)
  [C-selfplay] game 5875/30000 (total 75875)
  [C-selfplay] game 5900/30000 (total 75900)
  [C-selfplay] game 5925/30000 (total 75925)
  [C-selfplay] game 5950/30000 (total 75950)
  [C-selfplay] game 5975/30000 (total 75975)
  [C-selfplay] game 6000/30000 (total 76000)
  eval@76000: 100.0% vs random
  [C-selfplay] game 6025/30000 (total 76025)
  [C-selfplay] game 6050/30000 (total 76050)
  [C-selfplay] game 6075/30000 (total 76075)
  [C-selfplay] game 6100/30000 (total 76100)
  [C-selfplay] game 6125/30000 (total 76125)
  [C-selfplay] game 6150/30000 (total 76150)
  [C-selfplay] game 6175/30000 (total 76175)
  [C-selfplay] game 6200/30000 (total 76200)
  [C-selfplay] game 6225/30000 (total 76225)
  [C-selfplay] game 6250/30000 (total 76250)
  [C-selfplay] game 6275/30000 (total 76275)
  [C-selfplay] game 6300/30000 (total 76300)
  [C-selfplay] game 6325/30000 (total 76325)
  [C-selfplay] game 6350/30000 (total 76350)
  [C-selfplay] game 6375/30000 (total 76375)
  [C-selfplay] game 6400/30000 (total 76400)
  [C-selfplay] game 6425/30000 (total 76425)
  [C-selfplay] game 6450/30000 (total 76450)
  [C-selfplay] game 6475/30000 (total 76475)
  [C-selfplay] game 6500/30000 (total 76500)
  [C-selfplay] game 6525/30000 (total 76525)
  [C-selfplay] game 6550/30000 (total 76550)
  [C-selfplay] game 6575/30000 (total 76575)
  [C-selfplay] game 6600/30000 (total 76600)
  [C-selfplay] game 6625/30000 (total 76625)
  [C-selfplay] game 6650/30000 (total 76650)
  [C-selfplay] game 6675/30000 (total 76675)
  [C-selfplay] game 6700/30000 (total 76700)
  [C-selfplay] game 6725/30000 (total 76725)
  [C-selfplay] game 6750/30000 (total 76750)
  [C-selfplay] game 6775/30000 (total 76775)
  [C-selfplay] game 6800/30000 (total 76800)
  [C-selfplay] game 6825/30000 (total 76825)
  [C-selfplay] game 6850/30000 (total 76850)
  [C-selfplay] game 6875/30000 (total 76875)
  [C-selfplay] game 6900/30000 (total 76900)
  [C-selfplay] game 6925/30000 (total 76925)
  [C-selfplay] game 6950/30000 (total 76950)
  [C-selfplay] game 6975/30000 (total 76975)
  [C-selfplay] game 7000/30000 (total 77000)
  [C-selfplay] game 7025/30000 (total 77025)
  [C-selfplay] game 7050/30000 (total 77050)
  [C-selfplay] game 7075/30000 (total 77075)
  [C-selfplay] game 7100/30000 (total 77100)
  [C-selfplay] game 7125/30000 (total 77125)
  [C-selfplay] game 7150/30000 (total 77150)
  [C-selfplay] game 7175/30000 (total 77175)
  [C-selfplay] game 7200/30000 (total 77200)
  [C-selfplay] game 7225/30000 (total 77225)
  [C-selfplay] game 7250/30000 (total 77250)
  [C-selfplay] game 7275/30000 (total 77275)
  [C-selfplay] game 7300/30000 (total 77300)
  [C-selfplay] game 7325/30000 (total 77325)
  [C-selfplay] game 7350/30000 (total 77350)
  [C-selfplay] game 7375/30000 (total 77375)
  [C-selfplay] game 7400/30000 (total 77400)
  [C-selfplay] game 7425/30000 (total 77425)
  [C-selfplay] game 7450/30000 (total 77450)
  [C-selfplay] game 7475/30000 (total 77475)
  [C-selfplay] game 7500/30000 (total 77500)
  [C-selfplay] game 7525/30000 (total 77525)
  [C-selfplay] game 7550/30000 (total 77550)
  [C-selfplay] game 7575/30000 (total 77575)
  [C-selfplay] game 7600/30000 (total 77600)
  [C-selfplay] game 7625/30000 (total 77625)
  [C-selfplay] game 7650/30000 (total 77650)
  [C-selfplay] game 7675/30000 (total 77675)
  [C-selfplay] game 7700/30000 (total 77700)
  [C-selfplay] game 7725/30000 (total 77725)
  [C-selfplay] game 7750/30000 (total 77750)
  [C-selfplay] game 7775/30000 (total 77775)
  [C-selfplay] game 7800/30000 (total 77800)
  [C-selfplay] game 7825/30000 (total 77825)
  [C-selfplay] game 7850/30000 (total 77850)
  [C-selfplay] game 7875/30000 (total 77875)
  [C-selfplay] game 7900/30000 (total 77900)
  [C-selfplay] game 7925/30000 (total 77925)
  [C-selfplay] game 7950/30000 (total 77950)
  [C-selfplay] game 7975/30000 (total 77975)
  [C-selfplay] game 8000/30000 (total 78000)
  eval@78000: 100.0% vs random
  [C-selfplay] game 8025/30000 (total 78025)
  [C-selfplay] game 8050/30000 (total 78050)
  [C-selfplay] game 8075/30000 (total 78075)
  [C-selfplay] game 8100/30000 (total 78100)
  [C-selfplay] game 8125/30000 (total 78125)
  [C-selfplay] game 8150/30000 (total 78150)
  [C-selfplay] game 8175/30000 (total 78175)
  [C-selfplay] game 8200/30000 (total 78200)
  [C-selfplay] game 8225/30000 (total 78225)
  [C-selfplay] game 8250/30000 (total 78250)
  [C-selfplay] game 8275/30000 (total 78275)
  [C-selfplay] game 8300/30000 (total 78300)
  [C-selfplay] game 8325/30000 (total 78325)
  [C-selfplay] game 8350/30000 (total 78350)
  [C-selfplay] game 8375/30000 (total 78375)
  [C-selfplay] game 8400/30000 (total 78400)
  [C-selfplay] game 8425/30000 (total 78425)
  [C-selfplay] game 8450/30000 (total 78450)
  [C-selfplay] game 8475/30000 (total 78475)
  [C-selfplay] game 8500/30000 (total 78500)
  [C-selfplay] game 8525/30000 (total 78525)
  [C-selfplay] game 8550/30000 (total 78550)
  [C-selfplay] game 8575/30000 (total 78575)
  [C-selfplay] game 8600/30000 (total 78600)
  [C-selfplay] game 8625/30000 (total 78625)
  [C-selfplay] game 8650/30000 (total 78650)
  [C-selfplay] game 8675/30000 (total 78675)
  [C-selfplay] game 8700/30000 (total 78700)
  [C-selfplay] game 8725/30000 (total 78725)
  [C-selfplay] game 8750/30000 (total 78750)
  [C-selfplay] game 8775/30000 (total 78775)
  [C-selfplay] game 8800/30000 (total 78800)
  [C-selfplay] game 8825/30000 (total 78825)
  [C-selfplay] game 8850/30000 (total 78850)
  [C-selfplay] game 8875/30000 (total 78875)
  [C-selfplay] game 8900/30000 (total 78900)
  [C-selfplay] game 8925/30000 (total 78925)
  [C-selfplay] game 8950/30000 (total 78950)
  [C-selfplay] game 8975/30000 (total 78975)
  [C-selfplay] game 9000/30000 (total 79000)
  [C-selfplay] game 9025/30000 (total 79025)
  [C-selfplay] game 9050/30000 (total 79050)
  [C-selfplay] game 9075/30000 (total 79075)
  [C-selfplay] game 9100/30000 (total 79100)
  [C-selfplay] game 9125/30000 (total 79125)
  [C-selfplay] game 9150/30000 (total 79150)
  [C-selfplay] game 9175/30000 (total 79175)
  [C-selfplay] game 9200/30000 (total 79200)
  [C-selfplay] game 9225/30000 (total 79225)
  [C-selfplay] game 9250/30000 (total 79250)
  [C-selfplay] game 9275/30000 (total 79275)
  [C-selfplay] game 9300/30000 (total 79300)
  [C-selfplay] game 9325/30000 (total 79325)
  [C-selfplay] game 9350/30000 (total 79350)
  [C-selfplay] game 9375/30000 (total 79375)
  [C-selfplay] game 9400/30000 (total 79400)
  [C-selfplay] game 9425/30000 (total 79425)
  [C-selfplay] game 9450/30000 (total 79450)
  [C-selfplay] game 9475/30000 (total 79475)
  [C-selfplay] game 9500/30000 (total 79500)
  [C-selfplay] game 9525/30000 (total 79525)
  [C-selfplay] game 9550/30000 (total 79550)
  [C-selfplay] game 9575/30000 (total 79575)
  [C-selfplay] game 9600/30000 (total 79600)
  [C-selfplay] game 9625/30000 (total 79625)
  [C-selfplay] game 9650/30000 (total 79650)
  [C-selfplay] game 9675/30000 (total 79675)
  [C-selfplay] game 9700/30000 (total 79700)
  [C-selfplay] game 9725/30000 (total 79725)
  [C-selfplay] game 9750/30000 (total 79750)
  [C-selfplay] game 9775/30000 (total 79775)
  [C-selfplay] game 9800/30000 (total 79800)
  [C-selfplay] game 9825/30000 (total 79825)
  [C-selfplay] game 9850/30000 (total 79850)
  [C-selfplay] game 9875/30000 (total 79875)
  [C-selfplay] game 9900/30000 (total 79900)
  [C-selfplay] game 9925/30000 (total 79925)
  [C-selfplay] game 9950/30000 (total 79950)
  [C-selfplay] game 9975/30000 (total 79975)
  [C-selfplay] game 10000/30000 (total 80000)
  eval@80000: 100.0% vs random
  [C-selfplay] game 10025/30000 (total 80025)
  [C-selfplay] game 10050/30000 (total 80050)
  [C-selfplay] game 10075/30000 (total 80075)
  [C-selfplay] game 10100/30000 (total 80100)
  [C-selfplay] game 10125/30000 (total 80125)
  [C-selfplay] game 10150/30000 (total 80150)
  [C-selfplay] game 10175/30000 (total 80175)
  [C-selfplay] game 10200/30000 (total 80200)
  [C-selfplay] game 10225/30000 (total 80225)
  [C-selfplay] game 10250/30000 (total 80250)
  [C-selfplay] game 10275/30000 (total 80275)
  [C-selfplay] game 10300/30000 (total 80300)
  [C-selfplay] game 10325/30000 (total 80325)
  [C-selfplay] game 10350/30000 (total 80350)
  [C-selfplay] game 10375/30000 (total 80375)
  [C-selfplay] game 10400/30000 (total 80400)
  [C-selfplay] game 10425/30000 (total 80425)
  [C-selfplay] game 10450/30000 (total 80450)
  [C-selfplay] game 10475/30000 (total 80475)
  [C-selfplay] game 10500/30000 (total 80500)
  [C-selfplay] game 10525/30000 (total 80525)
  [C-selfplay] game 10550/30000 (total 80550)
  [C-selfplay] game 10575/30000 (total 80575)
  [C-selfplay] game 10600/30000 (total 80600)
  [C-selfplay] game 10625/30000 (total 80625)
  [C-selfplay] game 10650/30000 (total 80650)
  [C-selfplay] game 10675/30000 (total 80675)
  [C-selfplay] game 10700/30000 (total 80700)
  [C-selfplay] game 10725/30000 (total 80725)
  [C-selfplay] game 10750/30000 (total 80750)
  [C-selfplay] game 10775/30000 (total 80775)
  [C-selfplay] game 10800/30000 (total 80800)
  [C-selfplay] game 10825/30000 (total 80825)
  [C-selfplay] game 10850/30000 (total 80850)
  [C-selfplay] game 10875/30000 (total 80875)
  [C-selfplay] game 10900/30000 (total 80900)
  [C-selfplay] game 10925/30000 (total 80925)
  [C-selfplay] game 10950/30000 (total 80950)
  [C-selfplay] game 10975/30000 (total 80975)
  [C-selfplay] game 11000/30000 (total 81000)
  [C-selfplay] game 11025/30000 (total 81025)
  [C-selfplay] game 11050/30000 (total 81050)
  [C-selfplay] game 11075/30000 (total 81075)
  [C-selfplay] game 11100/30000 (total 81100)
  [C-selfplay] game 11125/30000 (total 81125)
  [C-selfplay] game 11150/30000 (total 81150)
  [C-selfplay] game 11175/30000 (total 81175)
  [C-selfplay] game 11200/30000 (total 81200)
  [C-selfplay] game 11225/30000 (total 81225)
  [C-selfplay] game 11250/30000 (total 81250)
  [C-selfplay] game 11275/30000 (total 81275)
  [C-selfplay] game 11300/30000 (total 81300)
  [C-selfplay] game 11325/30000 (total 81325)
  [C-selfplay] game 11350/30000 (total 81350)
  [C-selfplay] game 11375/30000 (total 81375)
  [C-selfplay] game 11400/30000 (total 81400)
  [C-selfplay] game 11425/30000 (total 81425)
  [C-selfplay] game 11450/30000 (total 81450)
  [C-selfplay] game 11475/30000 (total 81475)
  [C-selfplay] game 11500/30000 (total 81500)
  [C-selfplay] game 11525/30000 (total 81525)
  [C-selfplay] game 11550/30000 (total 81550)
  [C-selfplay] game 11575/30000 (total 81575)
  [C-selfplay] game 11600/30000 (total 81600)
  [C-selfplay] game 11625/30000 (total 81625)
  [C-selfplay] game 11650/30000 (total 81650)
  [C-selfplay] game 11675/30000 (total 81675)
  [C-selfplay] game 11700/30000 (total 81700)
  [C-selfplay] game 11725/30000 (total 81725)
  [C-selfplay] game 11750/30000 (total 81750)
  [C-selfplay] game 11775/30000 (total 81775)
  [C-selfplay] game 11800/30000 (total 81800)
  [C-selfplay] game 11825/30000 (total 81825)
  [C-selfplay] game 11850/30000 (total 81850)
  [C-selfplay] game 11875/30000 (total 81875)
  [C-selfplay] game 11900/30000 (total 81900)
  [C-selfplay] game 11925/30000 (total 81925)
  [C-selfplay] game 11950/30000 (total 81950)
  [C-selfplay] game 11975/30000 (total 81975)
  [C-selfplay] game 12000/30000 (total 82000)
  eval@82000: 97.5% vs random
  [C-selfplay] game 12025/30000 (total 82025)
  [C-selfplay] game 12050/30000 (total 82050)
  [C-selfplay] game 12075/30000 (total 82075)
  [C-selfplay] game 12100/30000 (total 82100)
  [C-selfplay] game 12125/30000 (total 82125)
  [C-selfplay] game 12150/30000 (total 82150)
  [C-selfplay] game 12175/30000 (total 82175)
  [C-selfplay] game 12200/30000 (total 82200)
  [C-selfplay] game 12225/30000 (total 82225)
  [C-selfplay] game 12250/30000 (total 82250)
  [C-selfplay] game 12275/30000 (total 82275)
  [C-selfplay] game 12300/30000 (total 82300)
  [C-selfplay] game 12325/30000 (total 82325)
  [C-selfplay] game 12350/30000 (total 82350)
  [C-selfplay] game 12375/30000 (total 82375)
  [C-selfplay] game 12400/30000 (total 82400)
  [C-selfplay] game 12425/30000 (total 82425)
  [C-selfplay] game 12450/30000 (total 82450)
  [C-selfplay] game 12475/30000 (total 82475)
  [C-selfplay] game 12500/30000 (total 82500)
  [C-selfplay] game 12525/30000 (total 82525)
  [C-selfplay] game 12550/30000 (total 82550)
  [C-selfplay] game 12575/30000 (total 82575)
  [C-selfplay] game 12600/30000 (total 82600)
  [C-selfplay] game 12625/30000 (total 82625)
  [C-selfplay] game 12650/30000 (total 82650)
  [C-selfplay] game 12675/30000 (total 82675)
  [C-selfplay] game 12700/30000 (total 82700)
  [C-selfplay] game 12725/30000 (total 82725)
  [C-selfplay] game 12750/30000 (total 82750)
  [C-selfplay] game 12775/30000 (total 82775)
  [C-selfplay] game 12800/30000 (total 82800)
  [C-selfplay] game 12825/30000 (total 82825)
  [C-selfplay] game 12850/30000 (total 82850)
  [C-selfplay] game 12875/30000 (total 82875)
  [C-selfplay] game 12900/30000 (total 82900)
  [C-selfplay] game 12925/30000 (total 82925)
  [C-selfplay] game 12950/30000 (total 82950)
  [C-selfplay] game 12975/30000 (total 82975)
  [C-selfplay] game 13000/30000 (total 83000)
  [C-selfplay] game 13025/30000 (total 83025)
  [C-selfplay] game 13050/30000 (total 83050)
  [C-selfplay] game 13075/30000 (total 83075)
  [C-selfplay] game 13100/30000 (total 83100)
  [C-selfplay] game 13125/30000 (total 83125)
  [C-selfplay] game 13150/30000 (total 83150)
  [C-selfplay] game 13175/30000 (total 83175)
  [C-selfplay] game 13200/30000 (total 83200)
  [C-selfplay] game 13225/30000 (total 83225)
  [C-selfplay] game 13250/30000 (total 83250)
  [C-selfplay] game 13275/30000 (total 83275)
  [C-selfplay] game 13300/30000 (total 83300)
  [C-selfplay] game 13325/30000 (total 83325)
  [C-selfplay] game 13350/30000 (total 83350)
  [C-selfplay] game 13375/30000 (total 83375)
  [C-selfplay] game 13400/30000 (total 83400)
  [C-selfplay] game 13425/30000 (total 83425)
  [C-selfplay] game 13450/30000 (total 83450)
  [C-selfplay] game 13475/30000 (total 83475)
  [C-selfplay] game 13500/30000 (total 83500)
  [C-selfplay] game 13525/30000 (total 83525)
  [C-selfplay] game 13550/30000 (total 83550)
  [C-selfplay] game 13575/30000 (total 83575)
  [C-selfplay] game 13600/30000 (total 83600)
  [C-selfplay] game 13625/30000 (total 83625)
  [C-selfplay] game 13650/30000 (total 83650)
  [C-selfplay] game 13675/30000 (total 83675)
  [C-selfplay] game 13700/30000 (total 83700)
  [C-selfplay] game 13725/30000 (total 83725)
  [C-selfplay] game 13750/30000 (total 83750)
  [C-selfplay] game 13775/30000 (total 83775)
  [C-selfplay] game 13800/30000 (total 83800)
  [C-selfplay] game 13825/30000 (total 83825)
  [C-selfplay] game 13850/30000 (total 83850)
  [C-selfplay] game 13875/30000 (total 83875)
  [C-selfplay] game 13900/30000 (total 83900)
  [C-selfplay] game 13925/30000 (total 83925)
  [C-selfplay] game 13950/30000 (total 83950)
  [C-selfplay] game 13975/30000 (total 83975)
  [C-selfplay] game 14000/30000 (total 84000)
  eval@84000: 92.5% vs random
  [C-selfplay] game 14025/30000 (total 84025)
  [C-selfplay] game 14050/30000 (total 84050)
  [C-selfplay] game 14075/30000 (total 84075)
  [C-selfplay] game 14100/30000 (total 84100)
  [C-selfplay] game 14125/30000 (total 84125)
  [C-selfplay] game 14150/30000 (total 84150)
  [C-selfplay] game 14175/30000 (total 84175)
  [C-selfplay] game 14200/30000 (total 84200)
  [C-selfplay] game 14225/30000 (total 84225)
  [C-selfplay] game 14250/30000 (total 84250)
  [C-selfplay] game 14275/30000 (total 84275)
  [C-selfplay] game 14300/30000 (total 84300)
  [C-selfplay] game 14325/30000 (total 84325)
  [C-selfplay] game 14350/30000 (total 84350)
  [C-selfplay] game 14375/30000 (total 84375)
  [C-selfplay] game 14400/30000 (total 84400)
  [C-selfplay] game 14425/30000 (total 84425)
  [C-selfplay] game 14450/30000 (total 84450)
  [C-selfplay] game 14475/30000 (total 84475)
  [C-selfplay] game 14500/30000 (total 84500)
  [C-selfplay] game 14525/30000 (total 84525)
  [C-selfplay] game 14550/30000 (total 84550)
  [C-selfplay] game 14575/30000 (total 84575)
  [C-selfplay] game 14600/30000 (total 84600)
  [C-selfplay] game 14625/30000 (total 84625)
  [C-selfplay] game 14650/30000 (total 84650)
  [C-selfplay] game 14675/30000 (total 84675)
  [C-selfplay] game 14700/30000 (total 84700)
  [C-selfplay] game 14725/30000 (total 84725)
  [C-selfplay] game 14750/30000 (total 84750)
  [C-selfplay] game 14775/30000 (total 84775)
  [C-selfplay] game 14800/30000 (total 84800)
  [C-selfplay] game 14825/30000 (total 84825)
  [C-selfplay] game 14850/30000 (total 84850)
  [C-selfplay] game 14875/30000 (total 84875)
  [C-selfplay] game 14900/30000 (total 84900)
  [C-selfplay] game 14925/30000 (total 84925)
  [C-selfplay] game 14950/30000 (total 84950)
  [C-selfplay] game 14975/30000 (total 84975)
  [C-selfplay] game 15000/30000 (total 85000)
  [C-selfplay] game 15025/30000 (total 85025)
  [C-selfplay] game 15050/30000 (total 85050)
  [C-selfplay] game 15075/30000 (total 85075)
  [C-selfplay] game 15100/30000 (total 85100)
  [C-selfplay] game 15125/30000 (total 85125)
  [C-selfplay] game 15150/30000 (total 85150)
  [C-selfplay] game 15175/30000 (total 85175)
  [C-selfplay] game 15200/30000 (total 85200)
  [C-selfplay] game 15225/30000 (total 85225)
  [C-selfplay] game 15250/30000 (total 85250)
  [C-selfplay] game 15275/30000 (total 85275)
  [C-selfplay] game 15300/30000 (total 85300)
  [C-selfplay] game 15325/30000 (total 85325)
  [C-selfplay] game 15350/30000 (total 85350)
  [C-selfplay] game 15375/30000 (total 85375)
  [C-selfplay] game 15400/30000 (total 85400)
  [C-selfplay] game 15425/30000 (total 85425)
  [C-selfplay] game 15450/30000 (total 85450)
  [C-selfplay] game 15475/30000 (total 85475)
  [C-selfplay] game 15500/30000 (total 85500)
  [C-selfplay] game 15525/30000 (total 85525)
  [C-selfplay] game 15550/30000 (total 85550)
  [C-selfplay] game 15575/30000 (total 85575)
  [C-selfplay] game 15600/30000 (total 85600)
  [C-selfplay] game 15625/30000 (total 85625)
  [C-selfplay] game 15650/30000 (total 85650)
  [C-selfplay] game 15675/30000 (total 85675)
  [C-selfplay] game 15700/30000 (total 85700)
  [C-selfplay] game 15725/30000 (total 85725)
  [C-selfplay] game 15750/30000 (total 85750)
  [C-selfplay] game 15775/30000 (total 85775)
  [C-selfplay] game 15800/30000 (total 85800)
  [C-selfplay] game 15825/30000 (total 85825)
  [C-selfplay] game 15850/30000 (total 85850)
  [C-selfplay] game 15875/30000 (total 85875)
  [C-selfplay] game 15900/30000 (total 85900)
  [C-selfplay] game 15925/30000 (total 85925)
  [C-selfplay] game 15950/30000 (total 85950)
  [C-selfplay] game 15975/30000 (total 85975)
  [C-selfplay] game 16000/30000 (total 86000)
  eval@86000: 100.0% vs random
  [C-selfplay] game 16025/30000 (total 86025)
  [C-selfplay] game 16050/30000 (total 86050)
  [C-selfplay] game 16075/30000 (total 86075)
  [C-selfplay] game 16100/30000 (total 86100)
  [C-selfplay] game 16125/30000 (total 86125)
  [C-selfplay] game 16150/30000 (total 86150)
  [C-selfplay] game 16175/30000 (total 86175)
  [C-selfplay] game 16200/30000 (total 86200)
  [C-selfplay] game 16225/30000 (total 86225)
  [C-selfplay] game 16250/30000 (total 86250)
  [C-selfplay] game 16275/30000 (total 86275)
  [C-selfplay] game 16300/30000 (total 86300)
  [C-selfplay] game 16325/30000 (total 86325)
  [C-selfplay] game 16350/30000 (total 86350)
  [C-selfplay] game 16375/30000 (total 86375)
  [C-selfplay] game 16400/30000 (total 86400)
  [C-selfplay] game 16425/30000 (total 86425)
  [C-selfplay] game 16450/30000 (total 86450)
  [C-selfplay] game 16475/30000 (total 86475)
  [C-selfplay] game 16500/30000 (total 86500)
  [C-selfplay] game 16525/30000 (total 86525)
  [C-selfplay] game 16550/30000 (total 86550)
  [C-selfplay] game 16575/30000 (total 86575)
  [C-selfplay] game 16600/30000 (total 86600)
  [C-selfplay] game 16625/30000 (total 86625)
  [C-selfplay] game 16650/30000 (total 86650)
  [C-selfplay] game 16675/30000 (total 86675)
  [C-selfplay] game 16700/30000 (total 86700)
  [C-selfplay] game 16725/30000 (total 86725)
  [C-selfplay] game 16750/30000 (total 86750)
  [C-selfplay] game 16775/30000 (total 86775)
  [C-selfplay] game 16800/30000 (total 86800)
  [C-selfplay] game 16825/30000 (total 86825)
  [C-selfplay] game 16850/30000 (total 86850)
  [C-selfplay] game 16875/30000 (total 86875)
  [C-selfplay] game 16900/30000 (total 86900)
  [C-selfplay] game 16925/30000 (total 86925)
  [C-selfplay] game 16950/30000 (total 86950)
  [C-selfplay] game 16975/30000 (total 86975)
  [C-selfplay] game 17000/30000 (total 87000)
  [C-selfplay] game 17025/30000 (total 87025)
  [C-selfplay] game 17050/30000 (total 87050)
  [C-selfplay] game 17075/30000 (total 87075)
  [C-selfplay] game 17100/30000 (total 87100)
  [C-selfplay] game 17125/30000 (total 87125)
  [C-selfplay] game 17150/30000 (total 87150)
  [C-selfplay] game 17175/30000 (total 87175)
  [C-selfplay] game 17200/30000 (total 87200)
  [C-selfplay] game 17225/30000 (total 87225)
  [C-selfplay] game 17250/30000 (total 87250)
  [C-selfplay] game 17275/30000 (total 87275)
  [C-selfplay] game 17300/30000 (total 87300)
  [C-selfplay] game 17325/30000 (total 87325)
  [C-selfplay] game 17350/30000 (total 87350)
  [C-selfplay] game 17375/30000 (total 87375)
  [C-selfplay] game 17400/30000 (total 87400)
  [C-selfplay] game 17425/30000 (total 87425)
  [C-selfplay] game 17450/30000 (total 87450)
  [C-selfplay] game 17475/30000 (total 87475)
  [C-selfplay] game 17500/30000 (total 87500)
  [C-selfplay] game 17525/30000 (total 87525)
  [C-selfplay] game 17550/30000 (total 87550)
  [C-selfplay] game 17575/30000 (total 87575)
  [C-selfplay] game 17600/30000 (total 87600)
  [C-selfplay] game 17625/30000 (total 87625)
  [C-selfplay] game 17650/30000 (total 87650)
  [C-selfplay] game 17675/30000 (total 87675)
  [C-selfplay] game 17700/30000 (total 87700)
  [C-selfplay] game 17725/30000 (total 87725)
  [C-selfplay] game 17750/30000 (total 87750)
  [C-selfplay] game 17775/30000 (total 87775)
  [C-selfplay] game 17800/30000 (total 87800)
  [C-selfplay] game 17825/30000 (total 87825)
  [C-selfplay] game 17850/30000 (total 87850)
  [C-selfplay] game 17875/30000 (total 87875)
  [C-selfplay] game 17900/30000 (total 87900)
  [C-selfplay] game 17925/30000 (total 87925)
  [C-selfplay] game 17950/30000 (total 87950)
  [C-selfplay] game 17975/30000 (total 87975)
  [C-selfplay] game 18000/30000 (total 88000)
  eval@88000: 100.0% vs random
  [C-selfplay] game 18025/30000 (total 88025)
  [C-selfplay] game 18050/30000 (total 88050)
  [C-selfplay] game 18075/30000 (total 88075)
  [C-selfplay] game 18100/30000 (total 88100)
  [C-selfplay] game 18125/30000 (total 88125)
  [C-selfplay] game 18150/30000 (total 88150)
  [C-selfplay] game 18175/30000 (total 88175)
  [C-selfplay] game 18200/30000 (total 88200)
  [C-selfplay] game 18225/30000 (total 88225)
  [C-selfplay] game 18250/30000 (total 88250)
  [C-selfplay] game 18275/30000 (total 88275)
  [C-selfplay] game 18300/30000 (total 88300)
  [C-selfplay] game 18325/30000 (total 88325)
  [C-selfplay] game 18350/30000 (total 88350)
  [C-selfplay] game 18375/30000 (total 88375)
  [C-selfplay] game 18400/30000 (total 88400)
  [C-selfplay] game 18425/30000 (total 88425)
  [C-selfplay] game 18450/30000 (total 88450)
  [C-selfplay] game 18475/30000 (total 88475)
  [C-selfplay] game 18500/30000 (total 88500)
  [C-selfplay] game 18525/30000 (total 88525)
  [C-selfplay] game 18550/30000 (total 88550)
  [C-selfplay] game 18575/30000 (total 88575)
  [C-selfplay] game 18600/30000 (total 88600)
  [C-selfplay] game 18625/30000 (total 88625)
  [C-selfplay] game 18650/30000 (total 88650)
  [C-selfplay] game 18675/30000 (total 88675)
  [C-selfplay] game 18700/30000 (total 88700)
  [C-selfplay] game 18725/30000 (total 88725)
  [C-selfplay] game 18750/30000 (total 88750)
  [C-selfplay] game 18775/30000 (total 88775)
  [C-selfplay] game 18800/30000 (total 88800)
  [C-selfplay] game 18825/30000 (total 88825)
  [C-selfplay] game 18850/30000 (total 88850)
  [C-selfplay] game 18875/30000 (total 88875)
  [C-selfplay] game 18900/30000 (total 88900)
  [C-selfplay] game 18925/30000 (total 88925)
  [C-selfplay] game 18950/30000 (total 88950)
  [C-selfplay] game 18975/30000 (total 88975)
  [C-selfplay] game 19000/30000 (total 89000)
  [C-selfplay] game 19025/30000 (total 89025)
  [C-selfplay] game 19050/30000 (total 89050)
  [C-selfplay] game 19075/30000 (total 89075)
  [C-selfplay] game 19100/30000 (total 89100)
  [C-selfplay] game 19125/30000 (total 89125)
  [C-selfplay] game 19150/30000 (total 89150)
  [C-selfplay] game 19175/30000 (total 89175)
  [C-selfplay] game 19200/30000 (total 89200)
  [C-selfplay] game 19225/30000 (total 89225)
  [C-selfplay] game 19250/30000 (total 89250)
  [C-selfplay] game 19275/30000 (total 89275)
  [C-selfplay] game 19300/30000 (total 89300)
  [C-selfplay] game 19325/30000 (total 89325)
  [C-selfplay] game 19350/30000 (total 89350)
  [C-selfplay] game 19375/30000 (total 89375)
  [C-selfplay] game 19400/30000 (total 89400)
  [C-selfplay] game 19425/30000 (total 89425)
  [C-selfplay] game 19450/30000 (total 89450)
  [C-selfplay] game 19475/30000 (total 89475)
  [C-selfplay] game 19500/30000 (total 89500)
  [C-selfplay] game 19525/30000 (total 89525)
  [C-selfplay] game 19550/30000 (total 89550)
  [C-selfplay] game 19575/30000 (total 89575)
  [C-selfplay] game 19600/30000 (total 89600)
  [C-selfplay] game 19625/30000 (total 89625)
  [C-selfplay] game 19650/30000 (total 89650)
  [C-selfplay] game 19675/30000 (total 89675)
  [C-selfplay] game 19700/30000 (total 89700)
  [C-selfplay] game 19725/30000 (total 89725)
  [C-selfplay] game 19750/30000 (total 89750)
  [C-selfplay] game 19775/30000 (total 89775)
  [C-selfplay] game 19800/30000 (total 89800)
  [C-selfplay] game 19825/30000 (total 89825)
  [C-selfplay] game 19850/30000 (total 89850)
  [C-selfplay] game 19875/30000 (total 89875)
  [C-selfplay] game 19900/30000 (total 89900)
  [C-selfplay] game 19925/30000 (total 89925)
  [C-selfplay] game 19950/30000 (total 89950)
  [C-selfplay] game 19975/30000 (total 89975)
  [C-selfplay] game 20000/30000 (total 90000)
  eval@90000: 100.0% vs random
  [C-selfplay] game 20025/30000 (total 90025)
  [C-selfplay] game 20050/30000 (total 90050)
  [C-selfplay] game 20075/30000 (total 90075)
  [C-selfplay] game 20100/30000 (total 90100)
  [C-selfplay] game 20125/30000 (total 90125)
  [C-selfplay] game 20150/30000 (total 90150)
  [C-selfplay] game 20175/30000 (total 90175)
  [C-selfplay] game 20200/30000 (total 90200)
  [C-selfplay] game 20225/30000 (total 90225)
  [C-selfplay] game 20250/30000 (total 90250)
  [C-selfplay] game 20275/30000 (total 90275)
  [C-selfplay] game 20300/30000 (total 90300)
  [C-selfplay] game 20325/30000 (total 90325)
  [C-selfplay] game 20350/30000 (total 90350)
  [C-selfplay] game 20375/30000 (total 90375)
  [C-selfplay] game 20400/30000 (total 90400)
  [C-selfplay] game 20425/30000 (total 90425)
  [C-selfplay] game 20450/30000 (total 90450)
  [C-selfplay] game 20475/30000 (total 90475)
  [C-selfplay] game 20500/30000 (total 90500)
  [C-selfplay] game 20525/30000 (total 90525)
  [C-selfplay] game 20550/30000 (total 90550)
  [C-selfplay] game 20575/30000 (total 90575)
  [C-selfplay] game 20600/30000 (total 90600)
  [C-selfplay] game 20625/30000 (total 90625)
  [C-selfplay] game 20650/30000 (total 90650)
  [C-selfplay] game 20675/30000 (total 90675)
  [C-selfplay] game 20700/30000 (total 90700)
  [C-selfplay] game 20725/30000 (total 90725)
  [C-selfplay] game 20750/30000 (total 90750)
  [C-selfplay] game 20775/30000 (total 90775)
  [C-selfplay] game 20800/30000 (total 90800)
  [C-selfplay] game 20825/30000 (total 90825)
  [C-selfplay] game 20850/30000 (total 90850)
  [C-selfplay] game 20875/30000 (total 90875)
  [C-selfplay] game 20900/30000 (total 90900)
  [C-selfplay] game 20925/30000 (total 90925)
  [C-selfplay] game 20950/30000 (total 90950)
  [C-selfplay] game 20975/30000 (total 90975)
  [C-selfplay] game 21000/30000 (total 91000)
  [C-selfplay] game 21025/30000 (total 91025)
  [C-selfplay] game 21050/30000 (total 91050)
  [C-selfplay] game 21075/30000 (total 91075)
  [C-selfplay] game 21100/30000 (total 91100)
  [C-selfplay] game 21125/30000 (total 91125)
  [C-selfplay] game 21150/30000 (total 91150)
  [C-selfplay] game 21175/30000 (total 91175)
  [C-selfplay] game 21200/30000 (total 91200)
  [C-selfplay] game 21225/30000 (total 91225)
  [C-selfplay] game 21250/30000 (total 91250)
  [C-selfplay] game 21275/30000 (total 91275)
  [C-selfplay] game 21300/30000 (total 91300)
  [C-selfplay] game 21325/30000 (total 91325)
  [C-selfplay] game 21350/30000 (total 91350)
  [C-selfplay] game 21375/30000 (total 91375)
  [C-selfplay] game 21400/30000 (total 91400)
  [C-selfplay] game 21425/30000 (total 91425)
  [C-selfplay] game 21450/30000 (total 91450)
  [C-selfplay] game 21475/30000 (total 91475)
  [C-selfplay] game 21500/30000 (total 91500)
  [C-selfplay] game 21525/30000 (total 91525)
  [C-selfplay] game 21550/30000 (total 91550)
  [C-selfplay] game 21575/30000 (total 91575)
  [C-selfplay] game 21600/30000 (total 91600)
  [C-selfplay] game 21625/30000 (total 91625)
  [C-selfplay] game 21650/30000 (total 91650)
  [C-selfplay] game 21675/30000 (total 91675)
  [C-selfplay] game 21700/30000 (total 91700)
  [C-selfplay] game 21725/30000 (total 91725)
  [C-selfplay] game 21750/30000 (total 91750)
  [C-selfplay] game 21775/30000 (total 91775)
  [C-selfplay] game 21800/30000 (total 91800)
  [C-selfplay] game 21825/30000 (total 91825)
  [C-selfplay] game 21850/30000 (total 91850)
  [C-selfplay] game 21875/30000 (total 91875)
  [C-selfplay] game 21900/30000 (total 91900)
  [C-selfplay] game 21925/30000 (total 91925)
  [C-selfplay] game 21950/30000 (total 91950)
  [C-selfplay] game 21975/30000 (total 91975)
  [C-selfplay] game 22000/30000 (total 92000)
  eval@92000: 97.5% vs random
  [C-selfplay] game 22025/30000 (total 92025)
  [C-selfplay] game 22050/30000 (total 92050)
  [C-selfplay] game 22075/30000 (total 92075)
  [C-selfplay] game 22100/30000 (total 92100)
  [C-selfplay] game 22125/30000 (total 92125)
  [C-selfplay] game 22150/30000 (total 92150)
  [C-selfplay] game 22175/30000 (total 92175)
  [C-selfplay] game 22200/30000 (total 92200)
  [C-selfplay] game 22225/30000 (total 92225)
  [C-selfplay] game 22250/30000 (total 92250)
  [C-selfplay] game 22275/30000 (total 92275)
  [C-selfplay] game 22300/30000 (total 92300)
  [C-selfplay] game 22325/30000 (total 92325)
  [C-selfplay] game 22350/30000 (total 92350)
  [C-selfplay] game 22375/30000 (total 92375)
  [C-selfplay] game 22400/30000 (total 92400)
  [C-selfplay] game 22425/30000 (total 92425)
  [C-selfplay] game 22450/30000 (total 92450)
  [C-selfplay] game 22475/30000 (total 92475)
  [C-selfplay] game 22500/30000 (total 92500)
  [C-selfplay] game 22525/30000 (total 92525)
  [C-selfplay] game 22550/30000 (total 92550)
  [C-selfplay] game 22575/30000 (total 92575)
  [C-selfplay] game 22600/30000 (total 92600)
  [C-selfplay] game 22625/30000 (total 92625)
  [C-selfplay] game 22650/30000 (total 92650)
  [C-selfplay] game 22675/30000 (total 92675)
  [C-selfplay] game 22700/30000 (total 92700)
  [C-selfplay] game 22725/30000 (total 92725)
  [C-selfplay] game 22750/30000 (total 92750)
  [C-selfplay] game 22775/30000 (total 92775)
  [C-selfplay] game 22800/30000 (total 92800)
  [C-selfplay] game 22825/30000 (total 92825)
  [C-selfplay] game 22850/30000 (total 92850)
  [C-selfplay] game 22875/30000 (total 92875)
  [C-selfplay] game 22900/30000 (total 92900)
  [C-selfplay] game 22925/30000 (total 92925)
  [C-selfplay] game 22950/30000 (total 92950)
  [C-selfplay] game 22975/30000 (total 92975)
  [C-selfplay] game 23000/30000 (total 93000)
  [C-selfplay] game 23025/30000 (total 93025)
  [C-selfplay] game 23050/30000 (total 93050)
  [C-selfplay] game 23075/30000 (total 93075)
  [C-selfplay] game 23100/30000 (total 93100)
  [C-selfplay] game 23125/30000 (total 93125)
  [C-selfplay] game 23150/30000 (total 93150)
  [C-selfplay] game 23175/30000 (total 93175)
  [C-selfplay] game 23200/30000 (total 93200)
  [C-selfplay] game 23225/30000 (total 93225)
  [C-selfplay] game 23250/30000 (total 93250)
  [C-selfplay] game 23275/30000 (total 93275)
  [C-selfplay] game 23300/30000 (total 93300)
  [C-selfplay] game 23325/30000 (total 93325)
  [C-selfplay] game 23350/30000 (total 93350)
  [C-selfplay] game 23375/30000 (total 93375)
  [C-selfplay] game 23400/30000 (total 93400)
  [C-selfplay] game 23425/30000 (total 93425)
  [C-selfplay] game 23450/30000 (total 93450)
  [C-selfplay] game 23475/30000 (total 93475)
  [C-selfplay] game 23500/30000 (total 93500)
  [C-selfplay] game 23525/30000 (total 93525)
  [C-selfplay] game 23550/30000 (total 93550)
  [C-selfplay] game 23575/30000 (total 93575)
  [C-selfplay] game 23600/30000 (total 93600)
  [C-selfplay] game 23625/30000 (total 93625)
  [C-selfplay] game 23650/30000 (total 93650)
  [C-selfplay] game 23675/30000 (total 93675)
  [C-selfplay] game 23700/30000 (total 93700)
  [C-selfplay] game 23725/30000 (total 93725)
  [C-selfplay] game 23750/30000 (total 93750)
  [C-selfplay] game 23775/30000 (total 93775)
  [C-selfplay] game 23800/30000 (total 93800)
  [C-selfplay] game 23825/30000 (total 93825)
  [C-selfplay] game 23850/30000 (total 93850)
  [C-selfplay] game 23875/30000 (total 93875)
  [C-selfplay] game 23900/30000 (total 93900)
  [C-selfplay] game 23925/30000 (total 93925)
  [C-selfplay] game 23950/30000 (total 93950)
  [C-selfplay] game 23975/30000 (total 93975)
  [C-selfplay] game 24000/30000 (total 94000)
  eval@94000: 97.5% vs random
  [C-selfplay] game 24025/30000 (total 94025)
  [C-selfplay] game 24050/30000 (total 94050)
  [C-selfplay] game 24075/30000 (total 94075)
  [C-selfplay] game 24100/30000 (total 94100)
  [C-selfplay] game 24125/30000 (total 94125)
  [C-selfplay] game 24150/30000 (total 94150)
  [C-selfplay] game 24175/30000 (total 94175)
  [C-selfplay] game 24200/30000 (total 94200)
  [C-selfplay] game 24225/30000 (total 94225)
  [C-selfplay] game 24250/30000 (total 94250)
  [C-selfplay] game 24275/30000 (total 94275)
  [C-selfplay] game 24300/30000 (total 94300)
  [C-selfplay] game 24325/30000 (total 94325)
  [C-selfplay] game 24350/30000 (total 94350)
  [C-selfplay] game 24375/30000 (total 94375)
  [C-selfplay] game 24400/30000 (total 94400)
  [C-selfplay] game 24425/30000 (total 94425)
  [C-selfplay] game 24450/30000 (total 94450)
  [C-selfplay] game 24475/30000 (total 94475)
  [C-selfplay] game 24500/30000 (total 94500)
  [C-selfplay] game 24525/30000 (total 94525)
  [C-selfplay] game 24550/30000 (total 94550)
  [C-selfplay] game 24575/30000 (total 94575)
  [C-selfplay] game 24600/30000 (total 94600)
  [C-selfplay] game 24625/30000 (total 94625)
  [C-selfplay] game 24650/30000 (total 94650)
  [C-selfplay] game 24675/30000 (total 94675)
  [C-selfplay] game 24700/30000 (total 94700)
  [C-selfplay] game 24725/30000 (total 94725)
  [C-selfplay] game 24750/30000 (total 94750)
  [C-selfplay] game 24775/30000 (total 94775)
  [C-selfplay] game 24800/30000 (total 94800)
  [C-selfplay] game 24825/30000 (total 94825)
  [C-selfplay] game 24850/30000 (total 94850)
  [C-selfplay] game 24875/30000 (total 94875)
  [C-selfplay] game 24900/30000 (total 94900)
  [C-selfplay] game 24925/30000 (total 94925)
  [C-selfplay] game 24950/30000 (total 94950)
  [C-selfplay] game 24975/30000 (total 94975)
  [C-selfplay] game 25000/30000 (total 95000)
  [C-selfplay] game 25025/30000 (total 95025)
  [C-selfplay] game 25050/30000 (total 95050)
  [C-selfplay] game 25075/30000 (total 95075)
  [C-selfplay] game 25100/30000 (total 95100)
  [C-selfplay] game 25125/30000 (total 95125)
  [C-selfplay] game 25150/30000 (total 95150)
  [C-selfplay] game 25175/30000 (total 95175)
  [C-selfplay] game 25200/30000 (total 95200)
  [C-selfplay] game 25225/30000 (total 95225)
  [C-selfplay] game 25250/30000 (total 95250)
  [C-selfplay] game 25275/30000 (total 95275)
  [C-selfplay] game 25300/30000 (total 95300)
  [C-selfplay] game 25325/30000 (total 95325)
  [C-selfplay] game 25350/30000 (total 95350)
  [C-selfplay] game 25375/30000 (total 95375)
  [C-selfplay] game 25400/30000 (total 95400)
  [C-selfplay] game 25425/30000 (total 95425)
  [C-selfplay] game 25450/30000 (total 95450)
  [C-selfplay] game 25475/30000 (total 95475)
  [C-selfplay] game 25500/30000 (total 95500)
  [C-selfplay] game 25525/30000 (total 95525)
  [C-selfplay] game 25550/30000 (total 95550)
  [C-selfplay] game 25575/30000 (total 95575)
  [C-selfplay] game 25600/30000 (total 95600)
  [C-selfplay] game 25625/30000 (total 95625)
  [C-selfplay] game 25650/30000 (total 95650)
  [C-selfplay] game 25675/30000 (total 95675)
  [C-selfplay] game 25700/30000 (total 95700)
  [C-selfplay] game 25725/30000 (total 95725)
  [C-selfplay] game 25750/30000 (total 95750)
  [C-selfplay] game 25775/30000 (total 95775)
  [C-selfplay] game 25800/30000 (total 95800)
  [C-selfplay] game 25825/30000 (total 95825)
  [C-selfplay] game 25850/30000 (total 95850)
  [C-selfplay] game 25875/30000 (total 95875)
  [C-selfplay] game 25900/30000 (total 95900)
  [C-selfplay] game 25925/30000 (total 95925)
  [C-selfplay] game 25950/30000 (total 95950)
  [C-selfplay] game 25975/30000 (total 95975)
  [C-selfplay] game 26000/30000 (total 96000)
  eval@96000: 97.5% vs random
  [C-selfplay] game 26025/30000 (total 96025)
  [C-selfplay] game 26050/30000 (total 96050)
  [C-selfplay] game 26075/30000 (total 96075)
  [C-selfplay] game 26100/30000 (total 96100)
  [C-selfplay] game 26125/30000 (total 96125)
  [C-selfplay] game 26150/30000 (total 96150)
  [C-selfplay] game 26175/30000 (total 96175)
  [C-selfplay] game 26200/30000 (total 96200)
  [C-selfplay] game 26225/30000 (total 96225)
  [C-selfplay] game 26250/30000 (total 96250)
  [C-selfplay] game 26275/30000 (total 96275)
  [C-selfplay] game 26300/30000 (total 96300)
  [C-selfplay] game 26325/30000 (total 96325)
  [C-selfplay] game 26350/30000 (total 96350)
  [C-selfplay] game 26375/30000 (total 96375)
  [C-selfplay] game 26400/30000 (total 96400)
  [C-selfplay] game 26425/30000 (total 96425)
  [C-selfplay] game 26450/30000 (total 96450)
  [C-selfplay] game 26475/30000 (total 96475)
  [C-selfplay] game 26500/30000 (total 96500)
  [C-selfplay] game 26525/30000 (total 96525)
  [C-selfplay] game 26550/30000 (total 96550)
  [C-selfplay] game 26575/30000 (total 96575)
  [C-selfplay] game 26600/30000 (total 96600)
  [C-selfplay] game 26625/30000 (total 96625)
  [C-selfplay] game 26650/30000 (total 96650)
  [C-selfplay] game 26675/30000 (total 96675)
  [C-selfplay] game 26700/30000 (total 96700)
  [C-selfplay] game 26725/30000 (total 96725)
  [C-selfplay] game 26750/30000 (total 96750)
  [C-selfplay] game 26775/30000 (total 96775)
  [C-selfplay] game 26800/30000 (total 96800)
  [C-selfplay] game 26825/30000 (total 96825)
  [C-selfplay] game 26850/30000 (total 96850)
  [C-selfplay] game 26875/30000 (total 96875)
  [C-selfplay] game 26900/30000 (total 96900)
  [C-selfplay] game 26925/30000 (total 96925)
  [C-selfplay] game 26950/30000 (total 96950)
  [C-selfplay] game 26975/30000 (total 96975)
  [C-selfplay] game 27000/30000 (total 97000)
  [C-selfplay] game 27025/30000 (total 97025)
  [C-selfplay] game 27050/30000 (total 97050)
  [C-selfplay] game 27075/30000 (total 97075)
  [C-selfplay] game 27100/30000 (total 97100)
  [C-selfplay] game 27125/30000 (total 97125)
  [C-selfplay] game 27150/30000 (total 97150)
  [C-selfplay] game 27175/30000 (total 97175)
  [C-selfplay] game 27200/30000 (total 97200)
  [C-selfplay] game 27225/30000 (total 97225)
  [C-selfplay] game 27250/30000 (total 97250)
  [C-selfplay] game 27275/30000 (total 97275)
  [C-selfplay] game 27300/30000 (total 97300)
  [C-selfplay] game 27325/30000 (total 97325)
  [C-selfplay] game 27350/30000 (total 97350)
  [C-selfplay] game 27375/30000 (total 97375)
  [C-selfplay] game 27400/30000 (total 97400)
  [C-selfplay] game 27425/30000 (total 97425)
  [C-selfplay] game 27450/30000 (total 97450)
  [C-selfplay] game 27475/30000 (total 97475)
  [C-selfplay] game 27500/30000 (total 97500)
  [C-selfplay] game 27525/30000 (total 97525)
  [C-selfplay] game 27550/30000 (total 97550)
  [C-selfplay] game 27575/30000 (total 97575)
  [C-selfplay] game 27600/30000 (total 97600)
  [C-selfplay] game 27625/30000 (total 97625)
  [C-selfplay] game 27650/30000 (total 97650)
  [C-selfplay] game 27675/30000 (total 97675)
  [C-selfplay] game 27700/30000 (total 97700)
  [C-selfplay] game 27725/30000 (total 97725)
  [C-selfplay] game 27750/30000 (total 97750)
  [C-selfplay] game 27775/30000 (total 97775)
  [C-selfplay] game 27800/30000 (total 97800)
  [C-selfplay] game 27825/30000 (total 97825)
  [C-selfplay] game 27850/30000 (total 97850)
  [C-selfplay] game 27875/30000 (total 97875)
  [C-selfplay] game 27900/30000 (total 97900)
  [C-selfplay] game 27925/30000 (total 97925)
  [C-selfplay] game 27950/30000 (total 97950)
  [C-selfplay] game 27975/30000 (total 97975)
  [C-selfplay] game 28000/30000 (total 98000)
  eval@98000: 97.5% vs random
  [C-selfplay] game 28025/30000 (total 98025)
  [C-selfplay] game 28050/30000 (total 98050)
  [C-selfplay] game 28075/30000 (total 98075)
  [C-selfplay] game 28100/30000 (total 98100)
  [C-selfplay] game 28125/30000 (total 98125)
  [C-selfplay] game 28150/30000 (total 98150)
  [C-selfplay] game 28175/30000 (total 98175)
  [C-selfplay] game 28200/30000 (total 98200)
  [C-selfplay] game 28225/30000 (total 98225)
  [C-selfplay] game 28250/30000 (total 98250)
  [C-selfplay] game 28275/30000 (total 98275)
  [C-selfplay] game 28300/30000 (total 98300)
  [C-selfplay] game 28325/30000 (total 98325)
  [C-selfplay] game 28350/30000 (total 98350)
  [C-selfplay] game 28375/30000 (total 98375)
  [C-selfplay] game 28400/30000 (total 98400)
  [C-selfplay] game 28425/30000 (total 98425)
  [C-selfplay] game 28450/30000 (total 98450)
  [C-selfplay] game 28475/30000 (total 98475)
  [C-selfplay] game 28500/30000 (total 98500)
  [C-selfplay] game 28525/30000 (total 98525)
  [C-selfplay] game 28550/30000 (total 98550)
  [C-selfplay] game 28575/30000 (total 98575)
  [C-selfplay] game 28600/30000 (total 98600)
  [C-selfplay] game 28625/30000 (total 98625)
  [C-selfplay] game 28650/30000 (total 98650)
  [C-selfplay] game 28675/30000 (total 98675)
  [C-selfplay] game 28700/30000 (total 98700)
  [C-selfplay] game 28725/30000 (total 98725)
  [C-selfplay] game 28750/30000 (total 98750)
  [C-selfplay] game 28775/30000 (total 98775)
  [C-selfplay] game 28800/30000 (total 98800)
  [C-selfplay] game 28825/30000 (total 98825)
  [C-selfplay] game 28850/30000 (total 98850)
  [C-selfplay] game 28875/30000 (total 98875)
  [C-selfplay] game 28900/30000 (total 98900)
  [C-selfplay] game 28925/30000 (total 98925)
  [C-selfplay] game 28950/30000 (total 98950)
  [C-selfplay] game 28975/30000 (total 98975)
  [C-selfplay] game 29000/30000 (total 99000)
  [C-selfplay] game 29025/30000 (total 99025)
  [C-selfplay] game 29050/30000 (total 99050)
  [C-selfplay] game 29075/30000 (total 99075)
  [C-selfplay] game 29100/30000 (total 99100)
  [C-selfplay] game 29125/30000 (total 99125)
  [C-selfplay] game 29150/30000 (total 99150)
  [C-selfplay] game 29175/30000 (total 99175)
  [C-selfplay] game 29200/30000 (total 99200)
  [C-selfplay] game 29225/30000 (total 99225)
  [C-selfplay] game 29250/30000 (total 99250)
  [C-selfplay] game 29275/30000 (total 99275)
  [C-selfplay] game 29300/30000 (total 99300)
  [C-selfplay] game 29325/30000 (total 99325)
  [C-selfplay] game 29350/30000 (total 99350)
  [C-selfplay] game 29375/30000 (total 99375)
  [C-selfplay] game 29400/30000 (total 99400)
  [C-selfplay] game 29425/30000 (total 99425)
  [C-selfplay] game 29450/30000 (total 99450)
  [C-selfplay] game 29475/30000 (total 99475)
  [C-selfplay] game 29500/30000 (total 99500)
  [C-selfplay] game 29525/30000 (total 99525)
  [C-selfplay] game 29550/30000 (total 99550)
  [C-selfplay] game 29575/30000 (total 99575)
  [C-selfplay] game 29600/30000 (total 99600)
  [C-selfplay] game 29625/30000 (total 99625)
  [C-selfplay] game 29650/30000 (total 99650)
  [C-selfplay] game 29675/30000 (total 99675)
  [C-selfplay] game 29700/30000 (total 99700)
  [C-selfplay] game 29725/30000 (total 99725)
  [C-selfplay] game 29750/30000 (total 99750)
  [C-selfplay] game 29775/30000 (total 99775)
  [C-selfplay] game 29800/30000 (total 99800)
  [C-selfplay] game 29825/30000 (total 99825)
  [C-selfplay] game 29850/30000 (total 99850)
  [C-selfplay] game 29875/30000 (total 99875)
  [C-selfplay] game 29900/30000 (total 99900)
  [C-selfplay] game 29925/30000 (total 99925)
  [C-selfplay] game 29950/30000 (total 99950)
  [C-selfplay] game 29975/30000 (total 99975)
  [C-selfplay] game 30000/30000 (total 100000)
  eval@100000: 95.0% vs random
FINAL: 98.0% vs random (100 games), best 100.0%, 5492.1s -> brain/weights_league
